name,isotherm_filename,hashkey,temperature,csd_identifier,doi,molecular_formula,has_disorder
(Et2NH2)3[(Cu4Cl)3(TTCA)8],,NIST-MATDB-698d87ea3dc222af53aca3746f3227d3,,REGYOT,10.1039/c2cc35461f,"(C168 H72 Cl3 Cu12 O48 3-)n,26n(C5 H11 N1 O1),3n(C4 H12 N1 1+)",1.0
(H3O)4[Ni6(pi3-O)2(pi2-OSC2H6)2(SO4)2(TATB)8/3].4C2H6O.13H2O,,NIST-MATDB-ee36b2a9095ec91288836a44edfdc823,,UGODEB,10.1021/acs.inorgchem.5b00316,"(C102 H66 N12 Ni9 O42 S6 6-)n,6n(H3 O1 1+),6n(C2 H6 O1),19.5n(H2 O1)",1.0
(In3O)(OH)(ADC)2(IN)2*4.67H2O,,NIST-MATDB-e0f1ea383b8b290ca83fb4c214ff9cf0,,KACZEV,10.1039/c0cc02808h,"(C120 H75 In9 N18 O42)n,14n(H2 O1)",1.0
(Me2NH2)2(DMF)9(H2O)5,,NIST-MATDB-0fc6fe0e88747d6206743f79868a947c,,DEYMOL,10.1021/ic302583a,"(C37 H20 In2 O20 2-)n,2n(C2 H8 N1 1+),9n(C3 H7 N1 O1),5n(H2 O1)",1.0
(NH2(CH3)2)3[Zn6(BTC)4(BTB)],,NIST-MATDB-1e1291030fcd194b53599b4d457548d1,,SIJDUM,10.1039/c3ce40929e,"(C63 H27 O30 Zn6 3-)n,3n(C2 H8 N1 1+)",1.0
(me2NH2)6[In10(TTCA)12]*24DMF*15H2O,,NIST-MATDB-dc1f4b7ddd96245d3704815ee72b638d,,WUBWUN,10.1021/ic501413r,,
"2,4,6-tris-(4-carboxyphenoxy)-1,3,5-triazine (H3tcpt)",,NIST-MATDB-9e095580c7def92493b44834013f53af,,RUSCUF,10.1039/c5dt01770j,(C24 H13 N3 O10 Zn2)n,1.0
3Inf[(Cu(mu4-O)(mu2-OH)2(Me2trzpba)4],,NIST-MATDB-eac31584ad49217cba58bde85c79de24,,MALFUD,10.1016/j.micromeso.2010.11.017,"(C44 H42 Cu4 N12 O11)n,10n(H2 O1)",1.0
467-MOF,,NIST-MATDB-4c5fc9ec0f07f55545f660abeabc296d,,YUQDUL,10.1002/chem.201502615,(C54 H33 Al3 O21)n,1.0
Al-BDC,,NIST-MATDB-cce03d7a2de79334704ac30e9b3ab673,,SABVUN,,,
Al-soc-MOF-1,,NIST-MATDB-3a650ab57f585098f15b7607aeb8fdb6,,,,,
Al-soc-MOF-1d,,NIST-MATDB-cd7853a0fd2fae367334f38213532022,,,,,
Al-soc-MOF-2,,NIST-MATDB-e43a6f6e6a693f59f9f85922f0cbcfdb,,MUZKEZ,10.1021/jacs.5b07053,"(C138 H90 Al6 O32 2+)n,2n(Cl1 1-)",1.0
Al-soc-MOF-3,,NIST-MATDB-af8a5b6c70b03db7ea3aa79b523f5981,,MUZKAV,10.1021/jacs.5b07053,"(C150 H96 Al6 O32 2+)n,2n(Cl1 1-)",1.0
Amine-MIL-101(Cr),,NIST-MATDB-8b8ec78ea74003b46e02c61002f73655,,,,,
Amino-MIL-53(Al),,NIST-MATDB-3589fd4b77aac447a6a6c0f6f7cc67ab,,NAXLEF,10.1002/cssc.201100378,(C8 H5 Al1 N1 O5)n,0.0
Beta-[{Co(F-pymo)2}n],,NIST-MATDB-e39d4856fb4eb22bcc744a36b84ab9c1,,XOJCEF,10.1002/chem.200801048,(C16 H8 Co2 F4 N8 O4)n,0.0
Beta-[{Zn(F-pymo)2}n],,NIST-MATDB-00e77b7864c973ea6e0989974761c308,,XOJCOP,10.1002/chem.200801048,(C8 H4 F2 N4 O2 Zn1)n,0.0
C10H5MnN3O4,,NIST-MATDB-f69ed813b38de6ebad057c3012a3aabe,,UVEVAT,10.1039/c1cc12278a,(C10 H5 Mn1 N3 O4)n,1.0
C12H6O13Zn4,,NIST-MATDB-b01f3e5a174eb1bd8c260fc27f9ba4ba,,XOZXOA,10.1021/ic900486r,(C12 H7 O13 Zn4)n,1.0
C17H27CoN3O7.50,,NIST-MATDB-45f6d98bc7ed053c7d12979e1027b5de,,DIZVAK,10.1002/zaac.200700580,"(C22 H20 Co2 N2 O8)n,4n(C3 H7 N1 O1),3n(H2 O1)",1.0
C18H16N2NiO6.5,,NIST-MATDB-a90af2f6523476761c9c35a6bd39896b,,WARQOX,10.1039/c2dt12198k,"(C36 H26 N4 Ni2 O10)n,4n(H2 O1)",1.0
C26H8Cu2N2O12,,NIST-MATDB-1c8c5285a706062eabfdae03e3a3e79c,,ALAMUW,10.1002/chem.201002135,"(C32 H22 Cu2 N4 O14)n,n(C3 H7 N1 O1),n(H2 O1)",1.0
C28H39N5O16Cu2,,NIST-MATDB-882638acaeec81061a4c473755e4901d,,FATLUJ,10.1021/cg201594p,"(C28 H26 Cu2 N5 O10)n,6n(H2 O1)",0.0
C32H34N4O15Cl5Zn3,,NIST-MATDB-db976ae0455d77a29d5ea4a2f428eabc,,LUPYAX,10.1039/b927486c,(C64 H68 Cl10 N8 O30 Zn6)n,1.0
C36H24Cu3N13O12,,NIST-MATDB-020667879dbefe5573dc639d5cba61d4,,QUJLAK02,10.1021/acs.inorgchem.5b00561,"(C36 H25 Cu3 N12 O9 1+)n,n(N1 O3 1-)",1.0
C37H90Cu4O55,,NIST-MATDB-ce1e82df74ccd9c549e14591c9562a34,,FECXES,10.1039/c2jm15538a,"(C37 H28 Cu4 O24)n,31n(H2 O1)",1.0
C41H46Cu2N2O16,,NIST-MATDB-775989e265743b13d867361d999255f8,,CUYWUP,10.1039/b925903a,"(C33 H28 Cu2 O14)n,2n(C4 H9 N1 O1)",1.0
C43.7H10Mn2N6O8,,NIST-MATDB-19c69bb8a592464ef0f7ffe8b79d7238,,,,,
C48H34N18O12S2Zn5,,NIST-MATDB-0a92892de06530653b3845386ee15674,,FUSTUK,10.1021/ic1010083,"(C48 H30 N18 O9 S2 Zn5)n,15n(C3 H7 N1 O1),8n(H2 O1)",1.0
C50H22Cu3O15,,NIST-MATDB-3225e6e13cd2934089cb853b7066a511,,OGOJAX,10.1002/cplu.201500104,(C50 H28 Cu3 O15)n,1.0
C50H48Co3N6O14S3,,NIST-MATDB-ab72cbc68d0a68b9462909f5ff901baf,,EYULOA,10.1039/c1ce05103b,"(C44 H34 Co3 N4 O12 S3)n,2n(C3 H7 N1 O1)",0.0
C62H50Cd3K2N2O26,,NIST-MATDB-0f23e9138eb186545d5877788ca80f1b,,PILJAX,10.1039/c3ce26788a,"(C62 H50 Cd3 K2 N2 O24)n,2n(H2 O1)",1.0
C75H129Cu3N11O37,,NIST-MATDB-3d633fabbc0fca8705969ae33b77bb14,,MAYKOO,10.1021/ic300950h,"(C48 H36 Cu3 N2 O13)n,9n(C3 H7 N1 O1),15n(H2 O1)",1.0
C99H72Cd6O42,,NIST-MATDB-707eda405a0508fa740a761bc17341eb,,AROFET,10.1021/cg101222w,(C33 H28 Cd2 O14)n,1.0
CALF-22,,NIST-MATDB-fdb879bdaf4438bb5eaf07f290310c1b,,NIMXIS,10.1021/ic302127y,"(C40 H20 N4 O32 Zn7)n,n(C3 H7 N1 O1),n(H2 O1)",1.0
CALF-33-Et2H,,NIST-MATDB-17e986fe8ea1a230743d2b001556dc67,,AXICOB,10.1002/anie.201607745,(C56 H52 Cu3 O18 P6)n,1.0
CALF-33-Et3,,NIST-MATDB-d76fc9c0abb0833a2b5183079bea5700,,,,,
CAU-1,,NIST-MATDB-7d1571382dd79cf21cfb21568cdc0ccf,,BIVLUQ,"10.1016/j.ijhydene.2013.02.074', '10.1039/c1ee01380g",,
"CAU-10-3,5-pydc",,NIST-MATDB-dffe4c582f49e95ef1c52fcdb8af6841,,,,,
CAU-10-4-NO2,,NIST-MATDB-fe98c524f32d167669ea62f005509dcc,,,,,
CAU-10-4-OH,,NIST-MATDB-9eacc124ea3c855a6b29856911a4025d,,,,,
CAU-10-5-CH3,,NIST-MATDB-22ea25f5cb6fefcb6c24f3af0c435847,,CELZOK01,10.1007/s10450-020-00282-9,,
CAU-10-5-H,,NIST-MATDB-67e2ad32f677721394e429738bb3d590,,CELZUQ01,10.1007/s10450-020-00282-9,,
CAU-10-5-NH2,,NIST-MATDB-cc5b80f1c6fd70e5b77c5403f8a1f07f,,CORYIV,10.1007/s10450-020-00282-9,,
CAU-10-5-NO2,,NIST-MATDB-b2875005784fc778ae4c9fb9f4f01a8e,,,,,
CD-MOF-2,,NIST-MATDB-bbcac700aa70a474a0e175f62e1368a4,,LAJLEP,10.1021/ja206525x,,
COMOC-2,,NIST-MATDB-a6f101f386dee100047fcaf572ce237c,,,,,
COMOC-2(V^IV),,NIST-MATDB-0eadb297ec36d2f38b7b50f131f4b745,,NIGBOW,10.1021/ic301338a,(C14 H8 O5 V1)n,0.0
CPF-13,,NIST-MATDB-c50637bf54a2d538f3d82d51fc4d9e36,,MIDTEA,10.1021/cm301322b,"(C2 H8 N1 1+)n,n(C26 H16 N5 O12 Zn3 1-)",1.0
CPM-13,,NIST-MATDB-04257d6a2f07a1a354e4eb4dc4c47986,,IYUHUG,10.1002/anie.201101957,"(C87 H55 In6 O34 1-)n,n(C1 H6 N1 1+)",1.0
CPM-5,,NIST-MATDB-92b95c2098a3915fe7e1956347838103,,IMUTUG,10.1021/ja106903p,"C2 H8 N1 1+,(C72 H36 In9 O56 1-)n,7(C3 H7 N1 O1),23(H2 O1)",1.0
CPM-6,,NIST-MATDB-373a3bef6faa5fa7a5f18c0a9f447ee3,,IMUVES,10.1021/ja106903p,"(C1 H6 N1 1+)n,n(C72 H36 In9 O56 1-)",1.0
CUK-1,,NIST-MATDB-adac5c7a8c6d4ec0e904766ae85d617d,,VECTEG,10.1002/adma.200601983,,
"CaIICuII6L3(OH)2(H2O)}*11H2O, L = (S,S)-leumox",,NIST-MATDB-9ec1205d9931beef76bd1e7065c00203,,DATMIX,10.1039/c7ta01179b,"(C42 H64 Ca1 Cu6 N6 O21)n,11(H2 O1)",1.0
"CaIICuII6L3(OH)2(H2O)}*13H2O, L = (S,S)-valmox",,NIST-MATDB-9a5dff9fc121973c97bf5237246de407,,DATMET,10.1039/c7ta01179b,"(C36 H52 Ca1 Cu6 N6 O21)n,13(H2 O1)",0.0
"CaIICuII6L3(OH)2(H2O)}*32H2O, L = (S,S)-alamox",,NIST-MATDB-dfa6033107b4c9a328b40231086a893c,,,,,
Cd (II)-MOF [Cd(L)(DMF)],,NIST-MATDB-2df53cb5b49803b76e21603aaac024e5,,KETHEY02,10.1039/c4dt00230j,(C16 H14 Cd1 N2 O5)n,1.0
Co(Im)1.3(5-ClbIM)0.7,,NIST-MATDB-ba50f198f1961235942fa6c4d21f339b,,,,,
Co-DABCO,,NIST-MATDB-620c2bb19ef3139e5ab5739c92127cf0,,TONXIE,10.1016/j.micromeso.2014.09.038,,
Co100-MOF-74,,NIST-MATDB-3247c3c76281c1cd22f3988b75d9d132,,SATNOR04,10.1016/j.ijhydene.2011.05.187,,
Co14-MOF-74,,NIST-MATDB-03a2cf256d5249e805e75781cdf72a57,,ZOHCEH,10.1016/j.ijhydene.2011.05.187,,
Co2(BDC)2(DPNDO),,NIST-MATDB-98fef480a29b735d32133099ab27ad4c,,LOVVAV,10.1021/cg501690b,(C26 H16 Co2 N2 O10)n,0.0
Co21-IRMOF-1,,NIST-MATDB-8147d90c17de4f9d0e013c7cb9739025,,,,,
Co21-MOF-5,,NIST-MATDB-1d7283de5a7f43b960a5dd98d52ee542,,,,,
Co3(HCOO)6,,NIST-MATDB-98261e1cacd11dbc66fdc2910f2226ce,,,,,
Co3.bpda2- )3( tpt) /3 (DMF 2 )2,,NIST-MATDB-00ba78345d8f9744f6626255fbb4bb09,,CUGXAF,10.1039/c5ce01047k,(C180 H138 Co9 N18 O42)n,1.0
Co8-IRMOF-1,,NIST-MATDB-aecf0542bc62d6c0f4551f33aed5f06e,,,,,
Co9(btc)6(tpt)2(H2O)15],,NIST-MATDB-99139ea435f11e5b3533267f160733c8,,AWAWUR,10.1021/cg200043a,(C90 H72 Co9 N12 O51)n,1.0
Cr-MIL(101),,NIST-MATDB-e23e0f3921a269533d74caae8c5a12bf,,OCUNAC,"10.1016/j.cej.2012.04.071', '10.1016/j.cej.2015.02.088', '10.1021/acs.jpcc.5b02861', '10.1039/C2ra20641b",,
Cr-MIL-101_amide,,NIST-MATDB-bdc9708274ac7c1acf5a4f4499e98a7c,,,,,
Cr-MIL-101_urea,,NIST-MATDB-c3f3d05e5310061ba8ce613c25689e85,,,,,
"Cu(1,3-BDC)(H2O)",,NIST-MATDB-83889f5abb4062381c9056f5eab9c54f,,MOBDIR,10.1039/C3ce40838h,,
"Cu(1,3-BDC)(PY)2",,NIST-MATDB-9f81b32673ab9cff65bc2c756197369f,,,,,
Cu(BDC-OH),,NIST-MATDB-69defbb815a1b2e90296326827748d96,,XADCIQ,10.1002/ejic.201000349,"(C16 H12 Cu2 O12)n,n(C5 H11 N1 O1)",1.0
Cu(BF4)2(bpy)2,,NIST-MATDB-ec7a61a3cdcf887e5c56f0d182f1049a,,LOMNOS,10.1016/j.jcis.2009.03.020,,
Cu(hfipbb)(H2hfipbb)0.5,,NIST-MATDB-cbf640c765cd8e230699065a4c386824,,ESIPUR,10.1016/j.jcis.2011.01.103,,
Cu-BTC tablet,,NIST-MATDB-58b38f910b90dfbda3a234cf7791014f,,,,,
Cu-DABCO,,NIST-MATDB-4092ca2b1dd76e307308821db726503b,,,,,
Cu-HKUST-1,,NIST-MATDB-3b3e8d3742fee1969162f75b74614acc,,FUNGAZ,"10.1002/adma.201403827', '10.1002/ceat.201300046', '10.1007/s10450-013-9527-2', '10.1007/s10450-015-9684-6', '10.1007/s10934-015-0060-4', '10.1016/S2095-4956(14)60171-6', '10.1016/j.apenergy.2015.03.123', '10.1016/j.colsurfa.2014.09.017', '10.1016/j.egypro.2009.01.166', '10.1016/j.energy.2014.08.033', '10.1016/j.jmr.2014.01.002', '10.1016/j.memsci.2012.04.003', '10.1016/j.seppur.2015.03.041', '10.1021/Ef800938e', '10.1021/Ic500722n', '10.1021/Ie902008g', '10.1021/Ja4045289', '10.1021/acs.iecr.7b03008', '10.1021/ie902008g', '10.1021/la800803w', '10.1039/C4ra12432d', '10.1039/c3sc52633j",,
Cu-SDU-1,,NIST-MATDB-ed5049cd0f3b495ea431f5c70dd110be,,ZEJDEZ01,10.1021/ic5017092,,
Cu-TDPAT,,NIST-MATDB-dd648c6388274576eaa6f506d849b3f9,,,,,
Cu-hfipbb,,NIST-MATDB-3abfbea881f358c12f2ac195f20f6720,,,,,
Cu2-Framework,,NIST-MATDB-7117efa5520227587e95e9afc63dda82,,GAFRUD,10.1002/chem.201503163,(C22 H15 Cu2 N1 O10)n,1.0
Cu2TPTC-Me,,NIST-MATDB-931b4a66ede38d35742a9d5f2635b66e,,MUKQUG,10.1016/j.micromeso.2015.05.036,"(C24 H18 Cu2 O10)n,x(C2 H3 N1),x(C3 H7 N1 O1),x(H2 O1)",1.0
Cu3(NH2btc)2,,NIST-MATDB-342fc1d93ed53875ada158f7c632a025,,ADOGEH,10.1039/c2cc36220a,"(C36 H28 Cu6 N4 O30)n,6n(C3 H7 N1 O1),10n(H2 O1)",1.0
Cu3(cdm)4,,NIST-MATDB-5e8d36db7dd4baa35636898ed4dfd622,,QOPPOC,10.1021/cm502189c,(C17 H14 Cu3 N12 O6)n,1.0
CuBDC bulk,,NIST-MATDB-9e86be03a0b15343b0fc2d4b9c31e6d9,,MOFGOE,10.1038/nmat4113,,
CuBTC,,NIST-MATDB-991daf7313251e7e607e2bab2da57e33,,FUNGAZ,"10.1002/adma.201403827', '10.1002/ceat.201300046', '10.1007/s10450-013-9527-2', '10.1007/s10450-015-9684-6', '10.1007/s10934-015-0060-4', '10.1016/S2095-4956(14)60171-6', '10.1016/j.apenergy.2015.03.123', '10.1016/j.colsurfa.2014.09.017', '10.1016/j.egypro.2009.01.166', '10.1016/j.energy.2014.08.033', '10.1016/j.jmr.2014.01.002', '10.1016/j.memsci.2012.04.003', '10.1016/j.seppur.2015.03.041', '10.1021/Ef800938e', '10.1021/Ic500722n', '10.1021/Ie902008g', '10.1021/Ja4045289', '10.1021/acs.iecr.7b03008', '10.1021/ie902008g', '10.1021/la800803w', '10.1039/C4ra12432d', '10.1039/c3sc52633j",,
DUT-23(Co),,NIST-MATDB-48e26b7adcf7fadb973bf861c31732a4,,ICAQIO,10.1002/chem.201101383,(C138 H84 Co6 N6 O24)n,1.0
DUT-25,,NIST-MATDB-e7c1a673818ca05ad7638253e9b7cbc3,,ZECRAC,10.1002/chem.201202352,,
DUT-49,,NIST-MATDB-2490ce0762cb0c4ad3c4cd37cf38b46f,,ACOCOM,10.1039/c2cc34840c,"(C40 H24 Cu2 N2 O10)n,5.2n(C5 H9 N1 O1)",1.0
DUT-8(Co),,NIST-MATDB-13ac8c4710a7b77300744bc8d719e82a,,NIFFOZ,10.1039/c2jm15601f,"(C30 H24 Co2 N2 O8)n,6n(C5 H11 N1 O1)",1.0
DUT-8(Cu),,NIST-MATDB-3639a8e3da1f86dc5f47a55442c9ae77,,NIFFIT,10.1039/c2jm15601f,"(C30 H24 Cu2 N2 O8)n,6n(C5 H11 N1 O1),2n(H2 O1)",1.0
DUT-8(Zn),,NIST-MATDB-47c9e3bb71503de2a16fb4851fea7edd,,NIFFEP,10.1039/c2jm15601f,"(C60 H48 N4 O16 Zn4)n,10n(C3 H7 N1 O1)",1.0
DUT-9,,NIST-MATDB-01a0c02c68759ba101007c14eeff89ba,,WAGQAY,10.1002/anie.201001735,(C66 H66 N4 Ni5 O22)n,1.0
Desolvated C12H13CuN5O6,,NIST-MATDB-2a4b7a481832eb193875f79401b4669d,,EWUCOP,10.1021/ic1017467,"(C18 H8 Cu2 N8 O8)n,2n(C3 H7 N1 O1),2n(H2 O1)",0.0
ELM-11,,NIST-MATDB-af8457b5d2d66c70cbef8276ab19ed04,,LOMNOS,10.1016/j.jcis.2009.03.020,,
FIR-2-ht,,NIST-MATDB-08b430465997e5387cbbba0576f38f1f,,PATWOY,10.1021/cg3001009,(C98 H68 N6 O14 Zn3)n,1.0
FIR-51,,NIST-MATDB-a4ed01077a429c5f198b12181cd8b6d8,,LOWKUF,10.1039/c4dt03594a,"(C12 H7 N6 O7 Zn3 1-)n,H3 O1 1+,H2 O1,2(C5 H10 N1 O1)",1.0
FIR-7a-ht,,NIST-MATDB-d7ca58df25e418904749b937dc840b31,,QILBOE,10.1039/c3cc47286h,"(C90 H72 N6 O14 Zn3)n,4n(C6 H12 N2 O1)",1.0
FIR-8a-ht,,NIST-MATDB-d9783e337e7ce09116e25a43e33f6d63,,PIQMOT,10.1021/ic4020256,"(C39 H24 Ce1 N1 O6)n,1.5n(H2 O1),0.5n(C2 H6 O1),n(C3 H7 N1 O1)",1.0
FJI-1,,NIST-MATDB-52d9a2d9cf14e4dc3c32e76f285a7b7a,,IYOWID,10.1039/c1cc12858b,"(C138 H84 N6 O24 Zn6)n,55n(C3 H7 N1 O1),32n(H2 O1)",1.0
FJI-2,,NIST-MATDB-53ca759c25292e3cfbe627daf6f0dcee,,FIHKOY,10.1039/c3ta12391j,"(C126 H108 N6 O36 Zn9)n,16n(C5 H11 N1 O1)",1.0
FJI-3,,NIST-MATDB-7197d409b92aa6e930558f99353d69f9,,FIWKUT,10.1039/c3cc48556k,(C54 H28 O44 Zn10)n,1.0
FJI-C1,,NIST-MATDB-99bf92208771cc605a3faf79b8eabf10,,NOHQEI,10.1002/cssc.201402206,"(C192 H96 In6 N24 O48 6-)n,32(C5 H11 N1 O1),6(C8 H20 N1 1+),22(H2 O1)",1.0
FJI-H5,,NIST-MATDB-3c2e9a2c0d5574084052aa7f7e295242,,ZIVCOY,10.1039/c3cc48381a,(C84 H54 Cu6 O33)n,1.0
FMOF-2,,NIST-MATDB-12f0e59f182a26494316933fff0304e2,,KAFTUI,10.1021/cg9014948,"(C57 H38 F18 N2 O16 Zn4)n,0.5n(C2 H6 O1)",1.0
Fe-soc-MOF-1a,,NIST-MATDB-ba12e2619569e7b1de411872cc8479f8,,,,,
Fe-soc-MOF-1b,,NIST-MATDB-bec23a40457923a212907f42684c0e5c,,,,,
Fe2(O2)(dobdc),,NIST-MATDB-efaf30a6406de56acc79d3b111590458,,MIHWEI,10.1016/j.jssc.2014.03.005,,
Fe2(dobdc),,NIST-MATDB-1e93bd0672ca0c9d104d64b9ac6b00a2,,WOQVAB,10.1016/j.jssc.2014.03.005,,
Ga-soc-MOF-1a,,NIST-MATDB-97507146939c69feec4767afe89b0d99,,,,,
H1/3[(Co^II13/2(BTB)4(OH)4/3(DMA)3]-2DMA-4H2O,,NIST-MATDB-3fcb6a1791c5bc4d3c3626d33b997f2e,,SEJFOE,10.1039/c2ra22118g,,
HKUST-1-F1,,NIST-MATDB-6db7a0ef27b88e420f85cb2718d004c2,,,,,
IRMOF-1,,NIST-MATDB-2c9380bddc59f547484ff729eab7d7cb,,MIBQAR,"10.1002/anie.200502553', '10.1007/s10934-015-0060-4', '10.1016/S2095-4956(14)60171-6', '10.1016/j.fluid.2014.08.020', '10.1016/j.ijhydene.2011.05.187', '10.1016/j.seppur.2018.01.013', '10.1021/Jp074889i', '10.1021/La100423a', '10.1021/am506793b', '10.1021/jp809539w', '10.1038/srep12045",,
IRMOF-14,,NIST-MATDB-a378219a763aefdf46b08bb3faff567f,,EDUVOO,10.1007/s10934-015-0060-4,,
IRMOF-3,,NIST-MATDB-96713fc6845e0ffe5a35364c2d59e6dc,,EDUSUR,10.1007/s10934-015-0060-4,,
IRMOF-8,,NIST-MATDB-9d023a670a2aedb5225d9cd365e24210,,EDUTUS,"10.1016/j.micromeso.2013.04.023', '10.1021/am506793b",,
IRMOF-8-INT,,NIST-MATDB-5a9adbf7ca9f80422e5ac35364502e27,,,,,
IRMOF-8-NO2,,NIST-MATDB-ac3cdaec8e45fd06779a77980de301cb,,,,,
In-soc-MOF-1a,,NIST-MATDB-ea2d6f4052af55947c293a447bded363,,,,,
In-soc-MOF-1b,,NIST-MATDB-8836be373d278eba9a6a488f3d991828,,,,,
In-soc-MOF-1c,,NIST-MATDB-bdd297b53d560d778fe632840347ae70,,,,,
InOF-1,,NIST-MATDB-2d7803c22e5b5c29bef8c131c015ff67,,YAZFOW,10.1039/c2cc35068h,"(C16 H10 In2 O12)n,3n(H2 O1)",1.0
InOF-15,,NIST-MATDB-ce261a72defa1fa7ed3a5699d0a7032e,,ECESEN,10.1039/c7dt03255b,"(C63 H42 In3 N6 O16 1+)n,N1 O3 1-",1.0
InOF-2,,NIST-MATDB-f68a58fe7a68c0fddf6b45d0b0178a79,,HIHNUJ,10.1039/c3ta11548h,(C16 H6 In1 O8)n,1.0
InOF-2-Li+,,NIST-MATDB-4849f8961f48df2040174f503bca7959,,,,,
JLU-Liu1,,NIST-MATDB-591341d56de55cdcdba376d6931481e5,,QIQZIB,10.1039/c3cc47462c,(C28 H28 Cu8 N6 O32 S6)n,1.0
JUC-103,,NIST-MATDB-787d7d8a6bbe61e3962aaf50bef219c9,,UFIREI,10.1039/c3ta11840a,"(C69 H42 O13 Zn4)n,n(H2 O1)",1.0
JUC-132,,NIST-MATDB-bc67bb25855d7be2699e74c6aba03a65,,TUGVEY,10.1039/c5cc01281c,,
M'MOF-20a,,NIST-MATDB-52816b9542773a53d8697b9e507f9afc,,GAWRED,10.1021/ic2021275,"(C44 H32 Cu1 N4 O10 Zn2)n,3n(C3 H7 N1 O1),n(H2 O1)",1.0
MAF-49,,NIST-MATDB-0276792e899405c02486701d603b7144,,YUZBOM,10.1038/ncomms9697,(C5 H6 N8 Zn1)n,0.0
MAF-66,,NIST-MATDB-25deda5c080d86d236a09c056561d3ff,,YEGKIG,10.1021/ic301463z,"(C4 H6 N8 Zn1)n,n(C3 H8 O1),0.6n(H2 O1)",1.0
MIL-100,,NIST-MATDB-979e667be7fe222f20d8bad36617dc66,,CIGXIA,"10.1002/chem.201502893', '10.1007/s10450-016-9825-6', '10.1016/j.jiec.2009.09.043', '10.1016/j.micromeso.2011.12.001",,
MIL-100(Cr),,NIST-MATDB-48f4023d446be2a618f2ac6acc88fee2,,UDEMEW,"10.1016/j.jiec.2009.09.043', '10.1016/j.micromeso.2011.12.001",,
"MIL-100(Cr), activated at 150C",,NIST-MATDB-1828349e1f83f7d61cc57a976e0cbd28,,UDEMEW,"10.1016/j.jiec.2009.09.043', '10.1016/j.micromeso.2011.12.001",,
"MIL-100(Cr), activated at 250C",,NIST-MATDB-e2edb5c894eb1f9c108ec4fd518592aa,,UDEMEW,"10.1016/j.jiec.2009.09.043', '10.1016/j.micromeso.2011.12.001",,
MIL-100(Fe),,NIST-MATDB-e8a1a82c4fe2ad952d1c107156f780f2,,CIGXIA,"10.1002/chem.201502893', '10.1007/s10450-016-9825-6', '10.1016/j.jiec.2009.09.043', '10.1016/j.micromeso.2011.12.001",,
MIL-100(V),,NIST-MATDB-cb327448137b4899eea8cf7f5217ca95,,,,,
MIL-100V after O2 binding,,NIST-MATDB-afca7fc712371e54ea81d7c80d04935c,,,,,
MIL-100V before O2 binding,,NIST-MATDB-350037ea824787dfc1e7b3ff59f2a082,,,,,
MIL-101,,NIST-MATDB-f55cae58cff61d336d8b65bece21175f,,OCUNAC,"10.1016/j.cej.2012.04.071', '10.1016/j.cej.2015.02.088', '10.1021/acs.jpcc.5b02861', '10.1039/C2ra20641b",,
MIL-101FF(Cr),,NIST-MATDB-a3d496b1fcbad08a4f1e732946d302cb,,,,,
MIL-101V after O2 binding,,NIST-MATDB-3f6300520948b20707f1c4915e564597,,,,,
MIL-101V before O2 binding,,NIST-MATDB-df8774d6a41e1e2697ca8658a38ec816,,,,,
MIL-120,,NIST-MATDB-507bc57ee9ef5cbee2d2eb7e9e4e1d89,,BUSQIQ,10.1021/cm9023106,"(C10 H10 Al4 O16)n,5n(H2 O1)",0.0
MIL-125(Ti),,NIST-MATDB-62cac39e7df6723d237dfb0c4bd20985,,,,,
MIL-160,,NIST-MATDB-fa9eafbe42016145ad7734b8daead8fa,,,,,
MIL-47,,NIST-MATDB-b848f05ba9fb26cdd50755863b377c56,,,,,
MIL-53,,NIST-MATDB-9f02824618e94d86caedc9fb497366ba,,NAXLEF,10.1002/cssc.201100378,(C8 H5 Al1 N1 O5)n,0.0
MIL-53(Cr),,NIST-MATDB-7cb7f2ebc677a987561f61f34f01f965,,MINVUA,"10.1021/Ja803899q', '10.1021/Ja8039579', '10.1021/Ja902740r', '10.1155/2015/439382",,
MIL-53(Cu),,NIST-MATDB-ee8eb9631a6c547675c582ac13168900,,,,,
MIL-53(Fe),,NIST-MATDB-951db94d5701c144378afbaface18b87,,POJTOY,10.1021/Ja902740r,,
MIL-53-TDC,,NIST-MATDB-0660171cf8b850580851526a5bb7e0a0,,,,,
MIL-91(Al),,NIST-MATDB-8c456021f0e540bcf8cae5ddd4d01a96,,IVEQEG01,10.1021/jp512596u,,
MOF Cu-ABTA,,NIST-MATDB-daa0895548ee0dd3a0a346a5f904ed47,,,,,
MOF-1,,NIST-MATDB-1aa4de6e9b58cd21cd479010283694b5,,GECXUH03,10.1021/cg900797y,"(C8 H6 O5 Zn1)n,n(C3 H7 N1 O1)",0.0
MOF-14,,NIST-MATDB-ddd6f2d174f6d5cc75ee1fda94840dd8,,,,,
MOF-177,,NIST-MATDB-bbd809480ca8c8d0e4d066e70a9719d1,,,,,
MOF-1C',,NIST-MATDB-07af26bd81573554d0dfd228787e3e50,,,,,
MOF-1C'-Li,,NIST-MATDB-7cbc8489b9167ea2715313a978d69d2d,,,,,
MOF-1M',,NIST-MATDB-e3d41515552e2ff3025163484768aab2,,,,,
MOF-1M'-Li,,NIST-MATDB-2af8e8ffa63fe22e424cc773bf4c5ba4,,,,,
MOF-2,,NIST-MATDB-2a55d7fddaa59cb289e94c60012b7c80,,WAFKEU02,10.1021/cg900797y,(C22 H20 N2 O8 Zn2)n,1.0
MOF-2',,NIST-MATDB-7a6c5ef61582a13f273203d99661f16f,,,,,
MOF-2'-Li,,NIST-MATDB-c66fcb7fe4e6e8bddff9867285addb18,,,,,
MOF-200,,NIST-MATDB-139fa76b34e8599641ff3814365cf4b4,,CUSXOE,10.1016/j.fluid.2014.08.020,,
MOF-205,,NIST-MATDB-c72a7787d6aa9690e6f0e608535eba56,,POWPAU,10.1039/c4dt02300e,(C144 H81 N3 O39 Zn12)n,1.0
MOF-205-OBn,,NIST-MATDB-c37eba54e85c5feb4bb0c694afb281f2,,POWNOG,10.1039/c4dt02300e,(C144 H75 N3 O45 Zn12)n,1.0
MOF-210,,NIST-MATDB-30cd18fdfeb9951585bf327f31556422,,CUSYAR,10.1016/j.fluid.2014.08.020,,
MOF-505,,NIST-MATDB-acbbe796d49416e999dc819f2ae65fe9,,LASYOU,"10.1021/acs.jpcc.6b10751', '10.3969/j.issn.1001-4861.2013.00.200",,
MOF-508,,NIST-MATDB-a4b3fc60364cef8a9eb12e7bbc908a8b,,,,,
MOF-508b,,NIST-MATDB-eb8a03810908350733a3ad317d9a5927,,ECIWUJ,"10.1016/j.jclepro.2015.03.082', '10.1016/j.seppur.2014.08.021', '10.1080/01496390802282347",,
MOF-74,,NIST-MATDB-49b1e69854030020562c1a51b5d17de8,,,,,
MOF-74-Co,,NIST-MATDB-8b2f5bfff597fd6ac1507365a3732a97,,,,,
MOF-74-Ni,,NIST-MATDB-775250b0154475da1a9521dd991a76d6,,ORIVUI,"10.1007/s10934-010-9378-0', '10.1007/s10934-015-0060-4', '10.1016/j.ces.2014.07.008', '10.1016/j.ces.2014.12.001', '10.1021/Ja4045289', '10.1039/C4ra12432d', '10.1039/c6ra12280a",,
Mg-MOF-74,,NIST-MATDB-f5e80ffaaaf05f4ed655664fd22defb9,,TODYUJ,"10.1016/j.memsci.2011.05.001', '10.1021/Jp401923v",,
Mg-MOF-74 (3),,NIST-MATDB-ffef9fe8f87486bc0a607d2de561618d,,,,,
Mg-MOF-74 (4),,NIST-MATDB-df5a7d1b98bf856906a188166face5b4,,,,,
Mg2(dobdc),,NIST-MATDB-f4b549a56c1a5caf008c436b7d0aaaea,,TODYUJ,"10.1016/j.memsci.2011.05.001', '10.1021/Jp401923v",,
Mg2O(2AEP)*4H2O,,NIST-MATDB-568cc5bbc3031ee962fc2770a3b61eb3,,,,,
Mg3(HCOO)6,,NIST-MATDB-a6db3698939de3d5652214e0e21c266b,,,,,
MnC12H6O4,,NIST-MATDB-53a56de21adaf98e91115815d8c6b9e0,,PEQWAK,10.1021/ic0611948,(C34 H34 Mn2 N2 O10)n,0.0
NH2-MIL-53(Al),,NIST-MATDB-1b5c20248717ca46ef341e3c5f2c1f30,,NAXLEF,10.1002/cssc.201100378,(C8 H5 Al1 N1 O5)n,0.0
NJU-Bai10,,NIST-MATDB-de097f333a12f151b1a9c69309e8d354,,KIRFOI,10.1021/cg400449c,(C63 H39 Cu6 N3 O30)n,1.0
NJU-Bai11,,NIST-MATDB-f1db5f31ee87b019202d5c10cc62d821,,XIBZUF,10.1021/cg400096e,(C33 H19 N3 O17 Y2)n,1.0
NJU-Bai12,,NIST-MATDB-12b0f5d8ac54f1f4864b9e37d09149b5,,DICKEH01,10.1021/ic301598n,,
NJU-Bai13,,NIST-MATDB-cb92fb8a573d601d911df43416fac968,,OGEBAF,10.1039/c3ce41119b,(C34 H20 Cu3 O15)n,1.0
NJU-Bai16,,NIST-MATDB-e5c91eae38ec8d2f19eb75e37c477f4e,,EQETAX,10.1039/c5ce00612k,"(C17 H11 Cu1 N3 O5)n,2n(C3 H7 N1 O1),n(H2 O1)",1.0
NJU-Bai9,,NIST-MATDB-30f48b3c242f6fab73802980177ac288,,ADUROI,10.1002/anie.201302715,"(C21 H15 N3 O7 Zn1)n,n(C3 H7 N1 O1),3.5n(H2 O1)",1.0
NKMOF-8-Br,,NIST-MATDB-34c0cfc36c169b1b80b597bcd3df774c,,IVAPON,10.1021/acs.jced.1c00787,,
NOTT-100a,,NIST-MATDB-3415c26502524b0f564a94e60f82369d,,LASYOU,"10.1021/acs.jpcc.6b10751', '10.3969/j.issn.1001-4861.2013.00.200",,
NOTT-101,,NIST-MATDB-3e23a7b6749879ee42f7de40eb1cb81d,,,,,
NOTT-101a,,NIST-MATDB-f96bbb3f8120ee55e5b45b7556e11f4a,,,,,
NOTT-102a,,NIST-MATDB-057c4e880a99e188b6631fbf7739748b,,,,,
NOTT-103a,,NIST-MATDB-9cb9c70df78a0b0e779d84f4a54414c6,,PUBROU,10.1039/C3ee41166d,,
NOTT-109a,,NIST-MATDB-9fe613d8a0a7fd070a80c29483352ff5,,,,,
NOTT-300,,NIST-MATDB-c9b48f1b01eb70760c7d618b9ac9c937,,KUKWAR,10.1038/nchem.1457,"(C16 H8 Al2 O10)n,6(H2 O1)",0.0
NPC-7-Cu,,NIST-MATDB-b326c3dbf440a20fdd9fa30b84918fb1,,,,,
NPC-7-Zn,,NIST-MATDB-ced3f99b3a27382e97774cffcb6b54c2,,JUXFOZ,10.1021/acsami.5b07953,"(C35 H39 N3 O11 Zn2)n,3n(C3 H7 N1 O1)",1.0
NTU-101-Cu,,NIST-MATDB-0bf9931619df1977d135278f76734952,,ZELQAK,10.1039/c2cc34921c,"(C54 H56 N12 O22 Zn4)n,1.5n(C3 H7 N1 O1)",1.0
NU-111,,NIST-MATDB-3af5f20d8e1a2365aba6693b255f8f68,,MEHMET,10.1021/Ja4045289,,
NU-125,,NIST-MATDB-b970cc46b139824b51520d18a9b63146,,REWNEO,"10.1021/Ic500722n', '10.1021/Ja4045289",,
NU-125-F1,,NIST-MATDB-1b640cdaf885a25b91b8daa3c3416e79,,,,,
NU-125-F2,,NIST-MATDB-68390f4a9ea74563f10a775377cf5166,,,,,
NU-135,,NIST-MATDB-1b95fcd71d4ffac273b7f59c717efe16,,MIZPUI,10.1021/cm4020942,(C18 H20 B10 Cu2 O10)n,1.0
NZIF-8,,NIST-MATDB-e38b8c1f4edd0b1a02f828d5d8e588e5,,,,,
Ni-MOF-74 (1),,NIST-MATDB-78e8e8044f33dfb63d742cd181396dfc,,,,,
Ni-MOF-74 (2),,NIST-MATDB-2d9160505b3f649ff3c6a4c594f5fec1,,,,,
Ni-PTC,,NIST-MATDB-208b146cc6b69203bfb3949d6fa87837,,,,,
Ni2(dobdc),,NIST-MATDB-56a7e860822819db08b3fd9fc437f425,,ORIVUI,"10.1007/s10934-010-9378-0', '10.1007/s10934-015-0060-4', '10.1016/j.ces.2014.07.008', '10.1016/j.ces.2014.12.001', '10.1021/Ja4045289', '10.1039/C4ra12432d', '10.1039/c6ra12280a",,
Ni3(HCOO)6,,NIST-MATDB-400a54c211461c9c02e23f9d230011d2,,,,,
Ni3(pzdc)2(7Hade)2(H2O)0.6,,NIST-MATDB-884cce14ef9e7402207e4163a1ef11a1,,UNEZAP,10.1039/c0cc05559j,"(C20 H20 N14 Ni3 O12)n,2.18n(H2 O1)",0.0
Ni6P6O18N6C18H36,,NIST-MATDB-af0f57591074558f89a249ed4c1e9e5e,,QOSXAY,10.1021/ja804936z,(C18 H36 N6 Ni6 O18 P6)n,0.0
PCN-121,,NIST-MATDB-447c9019b6ef13139916dbdfdee1681e,,XALMII,10.1039/c1cc16261f,(C30 H26 Co3 N2 O12)n,1.0
PCN-14,,NIST-MATDB-491f2d4553a5f70eb3e8a54f967be37f,,XITYOP,"10.1021/Ja4045289', '10.1039/C4ra12432d', '10.1039/c3sc52633j",,
PCN-16,,NIST-MATDB-7bf7c552e533131e05103e2410893349,,NUTQAV,10.1021/acs.jpcc.6b10751,,
PCN-26,,NIST-MATDB-e1f63ee5fa8513c0b29865329f746fb4,,,,,
PCN-305,,NIST-MATDB-7289924516a05f6331ed0c66b26d50f9,,FIBKEI,10.1002/chem.201203297,(C63 H39 Cu6 N3 O30)n,1.0
PCN-308,,NIST-MATDB-eae6f61ad18f3424d1dbe2bb8af90479,,,,,
PCN-426(Ni),,NIST-MATDB-584a72dee7b6cc76fd632bc09dd3cf00,,YABHIV,10.1107/s205252061501584x,"(C32 H36 Ni3 O16)n,0.17(Ni1)",1.0
PCN-46,,NIST-MATDB-827b138fa44b70a8964cf903faba3b56,,LUYHAP,10.1039/c002767g,"(C20 H10 Cu2 O10)n,10n(C4 H9 N1 O1),4n(H2 O1)",1.0
PCN-922,,NIST-MATDB-fc265689c54225224adc9164b40aab27,,LEQCAN,10.1021/ic3019937,(C70 H56 Cu4 N4 O20)n,1.0
Pd(2-pymo)2,,NIST-MATDB-1160f796e3757da168da2a16cf578ce9,,,,,
ROD-8a,,NIST-MATDB-c750312180598dce5e7e8761b750f6ab,,CODVAU,10.1039/c4ce00279b,"(C44 H26 Cd2 O10)n,n(C3 H7 N1 O1)",1.0
RT-Cu(Qc)2,,NIST-MATDB-d8f1103edf78b0c56186218e46e31a36,,ARAJEK,10.1016/j.ces.2019.115355,,
SDU-1,,NIST-MATDB-02fa0a686d30d0daa41b039b888c529d,,XIJJEH,10.1039/c3nj00700f,(C132 H116 Co14 O70)n,1.0
SDU-6,,NIST-MATDB-4f85440d6d4094ed428b9f705dc7dd2f,,ZEJDEZ,10.1021/ic3015207,  ,
SDU-7,,NIST-MATDB-2be8da142933090d1f2b6bc5e697086f,,ZEJDID,10.1021/ic3015207,,
SDU-8,,NIST-MATDB-03645c4b39bf449dbc22ac8d02c59f8b,,ZEJDOJ,10.1021/ic3015207,,
SIM-1 (ZIF-94),,NIST-MATDB-cc9e82fdee5a3de2dc0d8ea40a1ecc5f,,,,,
SION-8F,,NIST-MATDB-687f25a29623ab549e5fc350a806ffa3,,,,,
SION-8P,,NIST-MATDB-b08b57714fc45ecc681b731bbb139c0f,,,,,
SNIFSIX-1-Cu,,NIST-MATDB-bdb797f19c024205bbb7dbee45ecabab,,PETWES,10.1039/c3cc37695h,(C20 H16 Cu1 F6 N4 Sn1)n,1.0
SNU-110',,NIST-MATDB-26ee3aefd50411b7c51dc126cd95d6bb,,WEBREC,10.1039/c2cc34482c,"(C50 H32 N2 O12 Zn2)n,2n(C3 H7 N1 O1)",1.0
SNU-15',,NIST-MATDB-aa90a2ba1cfd1d542eb3594f766417d3,,COZMUA,10.1039/b900085b,"(C29 H24 Co2 O12)n,6.5n(C3 H7 N1 O1),5.5n(H2 O1)",1.0
SNU-150',,NIST-MATDB-87409b8f4e7dd582708197939def2994,,DIRPUR,10.1002/chem.201303086,"(C66 H36 N2 O13 Zn4)n,10n(C4 H9 N1 O1),7n(H2 O1)",1.0
SNU-151',,NIST-MATDB-e33038a31023858d56e771675539401d,,DIRPIF,10.1002/chem.201303086,"(C4 H12 N1 1+)2n,n(C142 H94 N6 O26 Zn5 2-),8n(C5 H11 N1 O1),6n(H2 O1)",1.0
SNU-21H,,NIST-MATDB-6853463892c58fa717af9cbfb228f048,,EPOTAF,10.1039/c0cc05199c,"(C33 H28 Cu2 O14)n,7n(C3 H7 N1 O1),3n(C4 H8 O2),n(C1 H4 O1)",1.0
SNU-21S,,NIST-MATDB-5b2f2fe36d08c935b34cbe0368bb90af,,,,,
SNU-30',,NIST-MATDB-1dee7f17d4304cd2f5c200de12a5335f,,VAGMEX,10.1002/chem.201001549,"(C40 H28 N2 O10 Zn2)n,23n(C5 H11 N1 O1)",1.0
SNU-6,,NIST-MATDB-86d483a91dc5a2b434015c98e972aad0,,HOHMEX,10.1002/chem.200801064,"(C40 H24 Cu2 N2 O10)n,8n(C3 H7 N1 O1),6n(H2 O1)",1.0
SNU-70',,NIST-MATDB-01b001eeeae512912967a14764e486df,,GEBPEK,10.1002/chem.201200456,"(C30 H18 O13 Zn4)n,13n(C5 H11 N1 O1),2n(H2 O1)",1.0
SNU-71',,NIST-MATDB-98b4630d872ab5d38b0d06707cc4834f,,GEBPAG,10.1002/chem.201200456,"(C30 H24 O13 Zn4)n,6n(C5 H11 N1 O1),n(H2 O1)",1.0
SNU-77H,,NIST-MATDB-933325db10a6a6b755a95edef601a3d9,,UWAGAB,10.1002/chem.201003376,(C78 H48 N2 O13 Zn4)n,1.0
Sc2(O2CC6H4CO2)3,,NIST-MATDB-037ff1609709c4b70a21b7d9134c22bc,,GATHAL ,10.1021/La803788u,,
TIFSIX-1-Cu,,NIST-MATDB-9fa2aeb983bbdf159afd36f8462a9c4e,,PETWIW,10.1039/c3cc37695h,(C20 H16 Cu1 F6 N4 Ti1)n,1.0
Tb-fum-fcu-MOF,,NIST-MATDB-16d2ea75949f753ebc0daffccae0ed52,,ZAFWUB,10.1002/anie.201506345,"(C24 H20 O32 Tb6 1-)n,n(C2 H8 N1 1+),6n(H2 O1),5n(C3 H7 N1 O1)",1.0
Tb-pek-MOF-1,,NIST-MATDB-be9f51ea48c4eeb348d95a383edddd8a,,HUHWAK,10.1021/jacs.5b00450,,
TbL,,NIST-MATDB-1912fa97c73af69dfe5371cbe82e983a,,MUNLUE,10.1039/c5ta00720h,"(C2 H8 N1 1+)n,n(C52 H25 N9 O20 Tb3 1-),n(C3 H7 N1 O1),15n(H2 O1)",1.0
Treated (Et2NH2)3[(Cu4Cl)3(TTCA)8]-Li,,NIST-MATDB-da43b060073a980438d25a3ba0006994,,,,,
UHM-7,,NIST-MATDB-f7d7eceed263e0880a5a6c67d71df113,,VEYREY,10.1039/c3ce40594j,"(C114 H92 Cu6 N4 O30 Si3)n,0.5n(H2 O1)",1.0
UMCM-1,,NIST-MATDB-b9bffc1a1dbe706adfe44577120a9311,,,,,
UMCM-150,,NIST-MATDB-8b8f5dc21e8758d0adfbc6da4cee39a6,,,,,
UPC-12,,NIST-MATDB-ccf53e01bcd6b814a7d7d7c4f772a2d4,,DUXLEP,10.1021/acs.inorgchem.5b01232,(C22 H16 N2 O12 Zn2)n,1.0
UPC-15,,NIST-MATDB-03f9473057f5626f6df1c44e73eee0ef,,HUMWET,10.1002/asia.201500234,"(H3 O1 1+)3n,n(C264 H288 B8 Cl3 Mn12 O48 3-),2.5n(C3 H7 N1 O1),5n(C4 H8 O2),27n(H2 O1)",1.0
UPC-16,,NIST-MATDB-14f3ffc3d84e59e4b3bf32cb031ca550,,HUMWIX,10.1002/asia.201500234,"(H3 O1 1+)3n,n(C264 H288 B8 Cl3 Cu10 Mn2 O48 3-),9n(C3 H7 N1 O1),4n(C4 H8 O2),27n(H2 O1)",1.0
UTSA,,NIST-MATDB-f168f08e72b4714243e42c649168c63b,,,,,
UTSA-10a,,NIST-MATDB-71334e26f762777895a284849f14ca16,,,,,
UTSA-15,,NIST-MATDB-e5386297edab94b5a9ac0f1117e071f3,,UWUQEJ,10.1021/ic102347b,"(C18 H12 Cu1 N2 O5)n,0.5n(C3 H7 N1 O1),1.2n(H2 O1)",1.0
UTSA-16,,NIST-MATDB-ab995b569e3eef266e371252ec189e8b,,,,,
UTSA-20,,NIST-MATDB-4b39f28ff94afb76df10889ef395b85c,,ONIXOZ,"10.1021/Ja4045289', '10.1039/C4ra12432d",,
UTSA-25A,,NIST-MATDB-0ef03e911f4cd3d3e376e3f54b728a44,,OVUVIL,10.1002/ejic.201100034,"(C22 H20 N2 O10 Zn2)n,4n(C3 H7 N1 O1),n(H2 O1)",1.0
UTSA-33a,,NIST-MATDB-595990fd285c5478047fd2f16f7f3be3,,TATPOV,10.1002/chem.201102734,"(C38 H22 O20 Zn4)n,2n(C4 H9 N1 O1)",1.0
UTSA-36a,,NIST-MATDB-148bf92e876591b367272f179fd6810e,,UWUTIQ,10.1002/chem.201100350,"(C32 H20 N2 O8 Zn2)n,3n(C3 H7 N1 O1),4n(H2 O1)",0.0
UTSA-40,,NIST-MATDB-59f19acd1afc50835c8dcdedacfbb39e,,LEVDIB,10.1039/c2ta01260j,"(C40 H28 Cl2 Cu2 O12)n,6n(C3 H7 N1 O1),2n(H2 O1)",1.0
UTSA-48a,,NIST-MATDB-e49df279a7d2f86005c20fab4fb2d2e1,,GIKPIB,10.1021/cg4004438,"(C22 H18 Cu1 F6 N6 O2 Si1)n,12n(H2 O1),2n(C2 H6 O1)",1.0
UTSA-50a,,NIST-MATDB-8d3db4b0d98c04559d08b18dabab1a76,,KANMIX,10.1039/C2ta00155a,,
UTSA-57a,,NIST-MATDB-2d25531dab4bccac4af1b6e13fe962fd,,DOZCEC,10.1021/ic502116k,"(C96 H56 Cl1 Mn6 N40 O4 1+)n,0.5n(Mn1 2+),2n(Cl1 1-),20n(C5 H11 N1 O1),18n(C1 H4 O1),12n(H2 O1)",1.0
UTSA-5A,,NIST-MATDB-fa9457995735ac94de2cd562ae6d06ff,,MOSBIG,10.1039/C3ce40452h,,
UTSA-61a,,NIST-MATDB-1486234dc0e4c1f6b29297b372062cbe,,ZIJSAO,10.1039/c3ce41062e,"(C132 H78 O27 Tb3 3-)n,3n(C2 H8 N1 1+),48n(C4 H9 N1 O1)",1.0
UTSA-72a,,NIST-MATDB-87df8c190af0b5a382312b8a4fd78f2a,,XOKQUL,10.1021/cg500235j,"(C50 H36 N2 O10 Zn2)n,4n(C3 H7 N1 O1),2n(H2 O1)",0.0
UiO(bdpc),,NIST-MATDB-554de36b7f2f656529c27910955ec14f,,XIVTED,10.1039/c3cc48275h,(C36 H18 N6 O16 Zr3)n,1.0
UiO-66,,NIST-MATDB-5ab0dbe0639729711750ef4b97715f0f,,AMUSIO01,"10.1016/j.jcis.2011.09.060', '10.1016/j.memsci.2012.04.003', '10.1021/acs.iecr.5b03517', '10.1504/ijnt.2015.067898",,
UiO-66(Zr)-(COOH)2 (303K),,NIST-MATDB-3684f463bca23b3e8fbf68c3a5d4537b,,,,,
UiO-66(Zr)-(COOH)2 (323K),,NIST-MATDB-fb724ebc336de9d29030c8b860c798ac,,,,,
UiO-66(Zr)-(COOH)2 (348K),,NIST-MATDB-4c152ffd93a16296c5c57d29cb322126,,,,,
UiO-66(Zr)-(COOH)2 (373K),,NIST-MATDB-6d2d1db79760dfda59f0e185d0c785fb,,,,,
UiO-66(Zr)-(COOH)2 (423K),,NIST-MATDB-b8633e438eb4b3b1963008b5ffb3e34e,,,,,
UiO-66(Zr)-(COOH)2 (473K),,NIST-MATDB-184cb6ae0f79e0eb5a697b2cb877b943,,,,,
UiO-66-(OH)2,,NIST-MATDB-e3b55d6bd4a1052c6a1e17c012aaba1c,,,,,
UiO-66-(OH)2-NO2,,NIST-MATDB-721e3d3b75333a1264f6f76660fa126d,,,,,
UiO-66-NH4,,NIST-MATDB-6c3a3709f2c13af094e4b07bb0b36329,,,,,
UiO-66-NO2,,NIST-MATDB-fa79ad13534250f0bc3baa41eda9ec6f,,,,,
UiO-66-NO2-(OH)2,,NIST-MATDB-0fb9cd90a3c285e3e9bd8d5ec4aa1e84,,,,,
UiO-67,,NIST-MATDB-f7dc4657c1d121aa6da15e936391c2cb,,,,,
WV-1050,,NIST-MATDB-35609bd6d3323afd4f16231afa50faaa,,,,,
WV1050,,NIST-MATDB-379eabf2c0360c5c1d4a172186cf72a9,,,,,
Y-ftw-MOF-2,,NIST-MATDB-0fda178e19926b1dd1cb87d13b6c9b8f,,LUHVUH,10.1039/c5sc00614g,"(C114 H98 O50 Y6 2-)n,n(H2 O1),2n(C2 H8 N1 1+)",1.0
Y-ftw-MOF-2,,NIST-MATDB-0fda178e19926b1dd1cb87d13b6c9b8f,,LUHWAO,10.1039/c5sc00614g,"(C276 H180 O76 Y12 4-)n,4n(C2 H8 N1 1+)",1.0
Y-ftw-MOF-2,,NIST-MATDB-0fda178e19926b1dd1cb87d13b6c9b8f,,LUHWES,10.1039/c5sc00614g,"(C324 H156 O64 Y12 4-)n,4n(C2 H8 N1 1+)",1.0
Y-fum-fcu-MOF,,NIST-MATDB-29da3034f56a3f314e86df224086cae2,,ZAFXAI,10.1002/anie.201506345,"(C24 H32 O38 Y6 1-)n,n(C2 H8 N1 1+),5n(C3 H7 N1 O1)",1.0
Yb(BPT)(H2O)*(DMF)1.5(H2O)1.25,,NIST-MATDB-1463164fd412775c8f1cd0ae9fdd734c,,OQETEK,10.1039/c1cc10897b,(C15 H9 O7 Yb1)n,1.0
ZIF-100,,NIST-MATDB-b2f286918e50470b61010736dea3b873,,NOFQEF,10.1039/c4ta06763k,,
ZIF-11,,NIST-MATDB-d80120861cca89709057aa848f34313f,,,,,
ZIF-2,,NIST-MATDB-907b7388fd2992b2f049c1ef1d5f832d,,,,,
ZIF-20,,NIST-MATDB-e5274e4593c333f3a4b452a6ef524d31,,MIHHAN,10.1038/nmat1927,"(C20 H12 N16 Zn2)n,8.8n(H2 O1)",1.0
ZIF-68,,NIST-MATDB-9e5edba55f0f609476161019d58113ed,,,,,
ZIF-7,,NIST-MATDB-8cae84fb784881ac1d577dea3d006c4e,,,,,
ZIF-70,,NIST-MATDB-360f2ab072a135afc123f12de4ac3cae,,,,,
ZIF-71,,NIST-MATDB-ba925980550f907f14b9e2aa08b07d60,,,,,
ZIF-8,,NIST-MATDB-b2dc02871a66ac38e4b195796cf3e00b,,,,,
ZIF-90,,NIST-MATDB-2763522c83e36ba039e14eb02f327879,,,,,
ZIF-93,,NIST-MATDB-5a53918a0d77cc8dc4fdaed222acfb5f,,,,,
ZJNU-40a,,NIST-MATDB-845fde624acb62234c0a8be05212db5a,,HOJJUN,10.1039/c4cc05833j,"(C22 H12 Cu2 N2 O10 S1)n,4n(C5 H11 N1 O1),6n(H2 O1)",1.0
ZJNU-47a,,NIST-MATDB-08faa42ac9a9895edc206b09e9805342,,BUPDOH,10.1039/c5dt02089a,(C20 H12 Cu2 N2 O10)n,1.0
ZJNU-54a,,NIST-MATDB-c960339ae404ff0d9b08dfb1addb9108,,ERIWAF,10.1039/c6dt02150f,"(C20 H13 Cu2 N3 O10)n,5(C3 H7 N1 O1),H2 O1",1.0
ZJU-26,,NIST-MATDB-e2461692eb8044ca4c48fea02c5f096c,,MOKVOZ,10.1016/j.micromeso.2013.07.019,(C30 H18 Cu2 O10)n,1.0
Zn(BDC)(BPY) 0.5,,NIST-MATDB-d049583f6d607e59dc804c4029176dcb,,,,,
Zn(BDC)(DABCO)0.5,,NIST-MATDB-a802c8f06888bfc869dfc25af5ada337,,OVUVIL,10.1002/ejic.201100034,"(C22 H20 N2 O10 Zn2)n,4n(C3 H7 N1 O1),n(H2 O1)",1.0
Zn(BDC)(DMBPY) 0.5,,NIST-MATDB-655315f090663b4723680a6683f06403,,,,,
Zn(II) MOF 1',,NIST-MATDB-950f09527c0aad44bb3737a770eb6414,,MIGXEI,10.1021/acssuschemeng.7b02087,(C26 H18 N4 O8 Zn2)n,1.0
Zn(II) MOF 2',,NIST-MATDB-8241748c6ad52d05c80ec79ca6572f15,,MIGXOS,10.1021/acssuschemeng.7b02087,(C28 H20 N4 O8 Zn2)n,1.0
Zn(II)-MOF [Zn(HPylmDC)(DMA)]n,,NIST-MATDB-e788f40ad7a33abe049ca098ed6ee980,,HOFSUS,10.1039/c4dt00307a,(C14 H14 N4 O5 Zn1)n,0.0
Zn(Im)1.05(5-NibIM)0.95,,NIST-MATDB-323d92d82fd0722bc64d74fcf633d649,,,,,
Zn(Im)1.1(5-MebIM)0.9,,NIST-MATDB-ece3999f37972593c395567da10928af,,,,,
Zn(Im)1.2(5-BrbIM)0.8,,NIST-MATDB-6661b8f3527d89bac378848586050a49,,,,,
Zn(Im)1.25(5-ClbIM)0.75,,NIST-MATDB-09de4ab275dd446651a68a5312b87ab0,,,,,
Zn(NDC)(BPY) 0.5,,NIST-MATDB-b16ee19c4a2d5d7d2f7e09cb7263392f,,QAVWAN,10.1002/adfm.201101479,"(C36 H24 N2 O8 Zn2)n,2n(C3 H7 N1 O1)",1.0
Zn(NDC)(DMBPY) 0.5,,NIST-MATDB-8fad47f65fa08c7ac5157aa92c218b1d,,,,,
Zn(NO3)2*4H2O,,NIST-MATDB-f9d1cd4311c3d5a8d7073794567d136a,,SUKXUS,10.1002/anie.200904599,,
Zn(bdc)(ted)0.5,,NIST-MATDB-6fd1bd97a5b2289108bee3430b51618c,,,,,
Zn-DABCO,,NIST-MATDB-df647d61b00b35b8b88ae26030802346,,WAFKEU ,10.1016/j.seppur.2011.09.041,,
Zn-MOF-74,,NIST-MATDB-71d6fc9e1d75f65e8a04544608290958,,,,,
Zn2C14N2O8H4,,NIST-MATDB-c235e2b9f0e0f3949e37b5ac3054f2ec,,HESVOR,10.1021/ja060946u,"(C14 H4 N2 O8 Zn2)n,n(H2 O1)",1.0
Zn3(TCPB)2(H2O)2,,NIST-MATDB-50f70ae705dac74976f4c6867d15233c,,ZESQIZ01,10.1039/c3dt50896j,(C54 H34 O20 Zn3)n,1.0
Zn4O,,NIST-MATDB-73875395ea6add86b0f24072ddc472e5,,,,,
Zn4O (rho=300kg/m^3),,NIST-MATDB-25d294b7f85566e0a4522bc95245bbf8,,,,,
Zn4O(BDC)3,,NIST-MATDB-e6c566b2365fa4837027d00c57215620,,MIBQAR,"10.1002/anie.200502553', '10.1007/s10934-015-0060-4', '10.1016/S2095-4956(14)60171-6', '10.1016/j.fluid.2014.08.020', '10.1016/j.ijhydene.2011.05.187', '10.1016/j.seppur.2018.01.013', '10.1021/Jp074889i', '10.1021/La100423a', '10.1021/am506793b', '10.1021/jp809539w', '10.1038/srep12045",,
ZnAcBPDC,,NIST-MATDB-6e0014114e24ab8e83b8782e3c9ed523,,,,,
ZnBuBPDC,,NIST-MATDB-1ce14eb3e9cae7c5664342ced717c6d0,,,,,
"Zr-1,4-NDC",,NIST-MATDB-7eef819948ffc8ded38c96f106a41f1f,,,,,
"Zr-2,6-NDC",,NIST-MATDB-422f7adc5192d8c50c61d65cfb0367d1,,,,,
Zr-BDC,,NIST-MATDB-58f9cf6e0c11b86a1880fe23f2bb4bc7,,,,,
Zr-BDC with defect,,NIST-MATDB-45b1a20e632024f8e69fcf1f40a1c2ad,,,,,
Zr-BDC-Br,,NIST-MATDB-66cd0e9c77a58e11c319979dee06bd0a,,,,,
Zr-BDC-NH2,,NIST-MATDB-7260126cb90f3346413c0b89538b70a9,,,,,
Zr-BDC-NO2,,NIST-MATDB-a5336c251c5fe46b747733c4c3e2d501,,,,,
Zr-BPDC,,NIST-MATDB-5a490878dfea56eff9a2015d234842f9,,,,,
Zr-FUM,,NIST-MATDB-6963ee165f0c2f07cf592fa435a72c4b,,,,,
Zr-fum MOF (393 k),,NIST-MATDB-646305b7be8c332d8656167133c58d58,,,,,
"[(CH3)2NH2]2[Eu3+(μ3-OH)8(1,4-NDC)6(H2O)6]*(solv)x",,NIST-MATDB-10188bc34b1d9326db77929d959958ad,,,,,
[Cd2(azpy)3(NO3)4]*2Me2CO,,NIST-MATDB-43b868bd1fb59e62aadeb8eb81b84244,,RECMAN,10.1021/cm990612m,"(C30 H24 Cd2 N16 O12)n,2n(C3 H6 O1)",0.0
[Cd2(sdb)2(4-bpmh)2(H2O)]n.2n(H2O),,NIST-MATDB-24eefc1403ea4f1e8c7e449cc9a93ddc,,DUTKUA,10.1039/c5dt01976a,(C53 H40 Cd2 N8 O12 S2)n,0.0
[Cd2(sdb)2-(3-bpmh)2]n.3n(H2O).n(C6H5NO),,NIST-MATDB-5e01297acfd36cf450c51490f7fb4f30,,DUTLAH,10.1039/c5dt01976a,(C52 H36 Cd2 N8 O12 S2)n,0.0
[Co(2)(pyridine)2(H2O)],,NIST-MATDB-002415bcd538b26626f2f03e5443f598,,WUTKOM,10.1039/B927499e,,
[Co(azpy)2(NCS)2]*0.5EtOH,,NIST-MATDB-a3ef345291214fddc8ae98d58ad9a42e,,REBZIH,10.1021/cm990612m,"(C44 H32 Co2 N20 S4)n,n(C2 H6 O1)",1.0
[Co2(azpy)3(NO3)4]*Me2CO*3H2O,,NIST-MATDB-50bd63cfdc6f3f77ba335058dfec9528,,REBWUQ,10.1021/cm990612m,"(C30 H24 Co2 N16 O12)n,n(C3 H6 O1),3n(H2 O1)",0.0
[Co2(ndc)2(bpy)],,NIST-MATDB-1f9d4e4fac6d97c9f29f5f996ab9f08d,,OHEQUP,10.1039/c5sc01796c,(C34 H20 Co2 N2 O8)n,1.0
[Co2(pbdc)2(bimb)0.5 (H2O)4 (DMF)0.25]n,,NIST-MATDB-5590c3c50093f61b964a222927e97fce,,XOMCOT,10.1039/c4ta01900h,"(C62 H42 Co2 N10 O8)n,0.5n(C18 H14 N4)",1.0
[Co3(ndc)-(HCOO)3(mu3-OH)(H2O)]n,,NIST-MATDB-30dd74c9be4b046c2076cd94dec7e267,,CANYIB,10.1002/chem.201103687,(C16 H12 Co3 N1 O12)n,1.0
[Co4(OH)2(2)3DMF2],,NIST-MATDB-60668389e359ed8efc2c4e30467d0950,,WUTKIG,10.1039/B927499e,,
[Cu(Hoxonic)(bpy)0.5]n*1.5n,,NIST-MATDB-b6e2482604ec86698407dee317093aad,,GUPLEJ,10.1002/chem.200902346,"(C18 H10 Cu2 N8 O8)n,3n(H2 O1)",0.0
[Cu(INA)2],,NIST-MATDB-3aba04dfb7beff11d77046e5d6505bf8,,BAHGUN02,10.1039/c6ra12280a,,
[Cu(PF6)2(bpp)2]n PCP,,NIST-MATDB-0e7c094b235c1abb777c8519c6ab4ba9,,AQIXEF,10.1002/cplu.201500278,"(C26 H28 Cu1 N4 2+)n,2(C3 H6 O1),2(F6 P1 1-)",1.0
[Cu(dhbc)2(bpy)]H2O],,NIST-MATDB-7208d91e4112275967c2b765718ce7ed,,WUSXIR,10.1016/j.micromeso.2012.01.008,,
[Cu(pmc)2].2/3DMF,,NIST-MATDB-8b9fa00d1ec4967c4da6e813ec68a0ca,,AMAFOK,10.1021/ic1012523,"(C10 H6 Cu1 N4 O4)n,0.67n(C3 H7 N1 O1)",1.0
[Cu2(BME-bdc)2(dabco)]n,,NIST-MATDB-c238016c7b183d0c206f80eb06bbf713,,AJORAT,10.1016/j.micromeso.2011.09.006,,
[Cu2(EBTC)(H2O)2]*8H2O*DMF*DMSO,,NIST-MATDB-8ecf9bef21be70735b30dd8b0598f82c,,YUGLES,10.1039/b917046d,"(C18 H10 Cu2 O10)n,n(C2 H6 O1 S1),n(C3 H7 N1 O1),8n(H2 O1)",1.0
[Cu2(L)2(SO4)(Br)2],,NIST-MATDB-fe4ea2d8669cdc82185822cf37560bff,,SETDUS,10.1021/ic3026304,"(C8 H10 Br1 Cu1 N6 1+)n,0.5n(O4 S1 2-)",1.0
[Cu2(L)2(SO4)-(Br)2]*4H2O,,NIST-MATDB-b0db4ed80089385f9c3e91d5600a1974,,SETDOM,10.1021/ic3026304,"(C16 H20 Br2 Cu2 N12 2+)n,n(O4 S1 2-),9n(H2 O1)",1.0
[Cu2(Me4BPDC)2]*9DMF,,NIST-MATDB-b4763ca37b9a184a56f5c6a5161bcc24,,TEMPEI,10.1016/j.crci.2012.09.001,"(C63 H69 Cu3 N3 O15)n,10.5n(C3 H7 N1 O1)",1.0
[Cu2(obb)2(bpy)0.5(DMF)]*2DMF,,NIST-MATDB-07d78240c661ad1bae52f1a6f30cdb54,,HEDCIE,10.1021/ic300778m,(C72 H54 Cu4 N4 O22)n,0.0
[Cu3(TDPAH)(H2O)3] 13H2O 8DMA,,NIST-MATDB-ad8443a58b6d0f9c90e2c966b478e551,,HIYGIH,10.1039/c4cc00375f,"(C60 H36 Cu6 N20 O30)n,8n(C4 H9 N1 O1),13n(H2 O1)",1.0
[Fe2(BPEB)3],,NIST-MATDB-5350a399babe6c33a34d193da74689a3,,ZODXOH,10.1039/c4ta01798f,(C48 H24 Fe2 N12)n,1.0
[Fe3(O)(pmc)5.3(O2CH)0.7]*DMF,,NIST-MATDB-295d332cc2c95e4c5cb85cbc71619b4d,,OCUFUQ,10.1016/j.micromeso.2011.09.017,"(C26 H16 Fe3 N10 O13)n,n(C3 H7 N1 O1)",1.0
[H3O][In(btec)]*0.8H2O,,NIST-MATDB-0461171b076b7338f3c8a5908aa5ac11,,EXOFIH,10.1039/c1dt10683j,"(H3 O1 1+)n,n(C10 H2 In1 O8 1-),0.8n(H2 O1)",0.0
[HDMA]2-[Zn2(BDC)3(DMA)2]*6DMF,,NIST-MATDB-41bf998d76cba1c3f2b7a8ca599b8d04,,ZEYCOX,10.1039/c3dt32846e,"(C28 H26 N2 O12 Zn2 2-)n,6n(C3 H7 N1 O1),2n(C2 H8 N1 1+)",0.0
[La(BTB)(H2O)3DMF]n Activated,,NIST-MATDB-ba44d94d4795e26e53b0ca7a786c3229,,FECXAO,10.1039/c2jm15721g,"(C27 H17 La1 O7)n,3n(C3 H7 N1 O1)",0.0
[La(TATAB)(H2O)].6H2O,,NIST-MATDB-729e12bd3ddc53b6de346c8ab81979b6,,PUJJEL,10.1002/chem.201405168,"(C24 H17 La1 N6 O7)n,6n(H2 O1)",0.0
[Mn3(mu5-mTPO)(mu6-mTPO)(mu-H2O)(H2O)4]*2DMF*H2O,,NIST-MATDB-ba661add260fcd1cb318e49bea5d862e,,BETZOR,10.1039/c3cc00093a,"(C42 H34 Mn3 O19 P2)n,2n(C3 H7 N1 O1),n(H2 O1)",1.0
[NH2(CH3)2]2[Cd3(BTA)(BTC)2(H2O)]2*7DMAC*8H2O,,NIST-MATDB-fcccc08340bc1bb9ea339a6ffd869aa0,,NESVAK,10.1039/c2ta00635a,"(C2 H8 N1 1+)n,n(C24 H12 Cd3 N3 O13 1-),3.5n(C4 H9 N1 O1),4n(H2 O1)",1.0
[NH2(CH3)2][Zn3(4-Pca)3(ade)].10DMF.8H2O,,NIST-MATDB-6a9619260e0e012f4c32e3c97ac6a5ac,,CUDPOI,10.1002/chem.201406323,"(C17 H10 N11 O6 Zn3 1-)n,C2 H8 N1 1+,10(C3 H7 N1 O1),8(H2 O1)",1.0
[NH2(CH3)2][Zn3(BTA)(BTC)2(H2O)]*4DMAC*3H2O,,NIST-MATDB-39aefd2a7e1a916cd7aeaa87941cecb4,,NESVEO,10.1039/c2ta00635a,"(C24 H12 N3 O13 Zn3 1-)n,4n(C4 H9 N1 O1),3n(H2 O1),n(C2 H8 N1 1+)",1.0
[Ni(BPEB)],,NIST-MATDB-c8b87c33b697e8a3304458115b4cd8de,,ZODXUN,10.1039/c4ta01798f,(C16 H8 N4 Ni1)n,1.0
[Ni2(C2O4)(L)2]n*6nH2O,,NIST-MATDB-7ab2e7d88babbb2b2b55b6377850da0f,,YINSIZ,10.1021/cg400948e,"(C34 H20 N6 Ni2 O8)n,6n(H2 O1)",1.0
[Ni2(m2-OH)(COO)2],,NIST-MATDB-4b556405ee66ebaece1b56a3fee62485,,CUHGIX,10.1039/c5ta03493k,"(C50 H33 N12 Ni2 O5 1+)n,N1 O3 1-,3(C4 H9 N1 O1),4(C1 H4 O1),6(H2 O1)",1.0
[Ni3(HCOO)6],,NIST-MATDB-8d001637b25d2536ffa705593742ec73,,,,,
[Ni3(mu2-H2O)2(bdc)3(pyrazine)2]*3(DMA),,NIST-MATDB-8df8f32003fc00772d29a159e0ff21f5,,FIHRIZ,10.1039/c3ce40548f,"(C32 H24 N4 Ni3 O14)n,3n(C4 H9 N1 O1)",0.0
[NiII(dpzca)2Ag]BF4*0.5(C3H6O),,NIST-MATDB-654aaef9bb2047cdacdadb801ce02d27,,HOWRAO,10.1021/ic501876m,"(C20 H12 Ag1 N10 Ni1 O4 1+)n,0.5(C3 H6 O1),B1 F4 1-",1.0
[Zn(BDC-OH)-(TED)0.5],,NIST-MATDB-a913314565a8850d65ecf76b10569999,,IWAHUK,10.1002/chem.201002818,"(C22 H20 N2 O10 Zn2)n,3n(C3 H7 N1 O1),0.6n(H2 O1)",1.0
[Zn(BPEB)],,NIST-MATDB-99723c0194e8cf989d93bc5e2da6aeea,,ZODYAU,10.1039/c4ta01798f,(C16 H8 N4 Zn1)n,1.0
[Zn(L) H2O] DMA,,NIST-MATDB-fe77581c44531a420777097b9167e180,,JOGBAK,10.1039/c4cc00334a,(C23 H18 N2 O5 Zn1)n,1.0
[Zn(L)].4DMF-a,,NIST-MATDB-ed6efba00b0acfaaa68bacfa08abcf18,,QOZSIJ,10.1039/c4dt02481h,"(C35 H21 N3 O4 Zn1)n,4n(C3 H7 N1 O1)",1.0
[Zn2(CN5H2)3(H2O)3]6H2O,,NIST-MATDB-c936a26aca2785521f7370745126254f,,GEZKED,10.1002/cplu.201200270,"(C3 H12 N15 O3 Zn2)n,6n(H2 O1)",0.0
[Zn2(CN5H2)3(H2O)3]6H2O Ac,,NIST-MATDB-b4ded22a11c441a1b3ab509c773faf92,,,,,
[Zn2(CN5H2)3(H2O)3]6H2O TMC,,NIST-MATDB-98658c4eb471e4b3561e03c58fa503f2,,,,,
[Zn2(TRZ)2(DOBDC)]n,,NIST-MATDB-5e5d2527424bcfa483a22e2a65497854,,BUYDEG,10.1016/j.inoche.2015.11.001,(C12 H8 N6 O6 Zn2)n,1.0
[Zn2(bdc)2(bphy)],,NIST-MATDB-331eabacef6b034e4aab0683948a4798,,IXURAV,10.1039/c1dt10682a,"(C36 H28 N8 O8 Zn2)n,2n(C2 H6 O1),2n(H2 O1)",1.0
[Zn22(btc)12-(H2O)22(NO3)8) xguest-c,,NIST-MATDB-ea5e709740e7dd9ee07d32ca989dbb9e,,NUBBAP,10.1039/c4ce02154a,"(C54 H40 O47 Zn11 4+)n,4n(N1 O3 1-)",1.0
[Zn3(TCPB)2*2H2O]*2H2O*4DMF,,NIST-MATDB-79bb15266bb8ce342990c61767bf4f13,,GICNIR,10.1002/asia.201200601,"(C54 H34 O20 Zn3)n,2n(H2 O1),4n(C3 H7 N1 O1)",1.0
[Zn3-(ntb)2]n,,NIST-MATDB-002c3dec5dc95ba29da506c4ae80cfeb,,PIFPIE,10.1002/chem.200601534,(C42 H24 N2 O12 Zn3)n,0.0
[Zn3L2(btc)2(H2O)],,NIST-MATDB-82dabd9339d7f862259c1b605cce0d2f,,FIHHOV,10.1039/c3ce41002a,"(C66 H54 B2 F4 N8 O13 Zn3)n,3.5n(C3 H7 N1 O1),4n(H2 O1)",1.0
[Zn4O(Me4BPDC)3]*9DMF,,NIST-MATDB-3ae00f7847bd8acb18932beb43071c1e,,TEMPAE,10.1016/j.crci.2012.09.001,"(C60 H62 N2 O15 Zn4)n,7n(C3 H7 N1 O1)",1.0
[Zn5(mu3-OH)4L2]*7H2O*DMF,,NIST-MATDB-1450bfb9be2f8a636dbc39b070895447,,XENMIO,10.1039/c2cc36713k,"(C42 H26 O20 Zn5)n,7n(H2 O1),n(C3 H7 N1 O1)",1.0
[Zn6(mu6-O)(TPO)2]-(NO3)4-3H2O,,NIST-MATDB-a16375e910e5376ba64672a5b1e5ae7b,,NIYZIG,10.1021/ic402481b,(C21 H15 O9 P1 Zn2)n,1.0
[{Cu(H-pymo)2}n],,NIST-MATDB-793a39b1cb9c6f64dbbce85b5fbd3dc6,,,,,
[{Fe(NCS)2}3(TPB)4],,NIST-MATDB-20217f6d91ed12adf5a0f7ff7c0356ce,,TIJMOQ,10.1039/c3cc45180a,"(C90 H60 Fe3 N18 S6)n,15n(C1 H2 Cl2),60n(C2 H6 O1),10n(H2 O1)",1.0
activated [NC2H8]4Cu5(BTT)3xG,,NIST-MATDB-30ef3a157ea0a8d3bc2babe8930eccb6,,COTYIV,10.1039/c4cc10002f,"(C27 H9 Cu5 N36 4-)n,4(C2 H8 N1 1+)",1.0
activated {[Zn4(bpydb)3(datz)2(H2O)](DMF)4(EtOH)5(H2O)8}n,,NIST-MATDB-af024f601636c62dab8f880c2ae7615c,,RUGZAW,10.1021/cg501758a,"(C76 H52 N16 O13 Zn4)n,4n(C3 H7 N1 O1),5n(C2 H6 O1),8n(H2 O1)",1.0
desolvated [Cu5(L)2(OH)2·(H2O)2·DMA2]·2DMA·EtOH·2H2O,,NIST-MATDB-afe1c6e73457c83e0d112f22b07574d0,,,,,
eea-MOF-4,,NIST-MATDB-e6b24d002f0be7b19db9e4a0b3345ee7,,UNACES01,10.1039/c4ta07115h,(C14 H8 Cu1 N2 O5)n,1.0
eea-MOF-5,,NIST-MATDB-bbd4c0c32dbd9f7b1df341984b71983f,,JOFCEO01,10.1039/c4ta07115h,(C14 H8 Cu1 N2 O5)n,1.0
gea-MOF-1,,NIST-MATDB-fab951d1e53d35279d22a30a416c2e08,,WONJUG,10.1038/nchem.1982,"(C2 H8 N1 1+)2n,n(C162 H101 O47 Y9 2-)",1.0
opt-UiO-66(Zr)-(OH)2,,NIST-MATDB-04952328cf3644b315eaf3f178d01e30,,KINGUM,10.1002/aic.15837,,
pmg-MOF-5,,NIST-MATDB-ba2d93a0187e6a0517be60f2a6733755,,,,,
tbo-MOF-2,,NIST-MATDB-19f0b99c8dbe789defa47a66736fe641,,,,,
tbo-MOF-3,,NIST-MATDB-6f2de59bc9a4aafa57769c230fce91ab,,CAJQIP,10.1039/C4ra12432d,,
"{Ag3[Ag5(mu3-3,5-Ph2tz)6](NO3)2}n",,NIST-MATDB-157d2c3d9f1568cf1e25b51ade68fffd,,,,,
"{Ag3[Ag5(mu3-3,5-tBu2tz)6](BF4)2}n",,NIST-MATDB-279c9ad5012a5473728672cd454133fb,,LONJOP,10.1016/j.micromeso.2013.09.006,"(C60 H108 Ag8 N18 2+)n,2n(B1 F4 1-)",1.0
{[(Me2NH2)2]*[Cd3(5-tbip)4]*2DMF}n,,NIST-MATDB-d82b38fe46a8c8053c4cf49ecc0c7774,,SIDCAL,10.1039/c3ce40795k,"(C96 H96 Cd6 O32 4-)n,4n(C3 H7 N1 O1),4n(C2 H8 N1 1+)",1.0
{[Cd2(TPPBDA)(OBA)2] 4DMA 8H2O}n,,NIST-MATDB-6760c7f54a5eaefcf72e168fbdbac82c,,JORLEJ,10.1021/cg500269h,"(C84 H56 Cd2 N6 O10)n,2(C4 H9 N1 O1)",1.0
{[Co(dcpy)(bipy)0.5(H2O)]*H2O},,NIST-MATDB-c93e4e4de0de5f69784bd3a044290aa6,,MARNOK,10.1039/c2ce06372g,"(C36 H26 Co2 N4 O10)n,4n(H2 O1)",1.0
{[Cu4(dpdo)12][H(H2O)27(CH3CN)12][PW12O40]3}n,,NIST-MATDB-a2c836dbf063e02dd55ffb87b1bc1557,,,,,
{[Dy(ox)(Bpybc)(H2O)]*OH*13H2O}n,,NIST-MATDB-e76751d386092e2623e344b84f5cf1ae,,REWSUJ,10.1039/c3cc38260e,"(C56 H44 Dy2 N4 O18 2+)n,2n(H1 O1 1-),26n(H2 O1)",1.0
{[Tb(FDA)1.5(DMF)]*DMF},,NIST-MATDB-b86e8105cac1d841217916014055e76d,,XIFHIF,10.1002/chem.201203487,(C24 H20 N2 O17 Tb2)n,1.0
{[Zn3(L)3(DPB)1.5]-6DMF-H20}n,,NIST-MATDB-5221a8469d6589c0a439bc47fbac5494,,ZUJKAS,10.1016/j.ica.2015.03.011,(C60 H44 N2 O8 Zn2)n,1.0
{[Zn3(ptp)3](DMF)2-(H2O)},,NIST-MATDB-b79f378760f114ca0c4788cf5c9c00f2,,QARCET,10.1021/ic2015463,"(C48 H24 N36 Zn3)n,2n(C3 H7 N1 O1),n(H2 O1)",0.0
{[Zn4O(bfbpdc)3-(bpy)0.5(H2O)]*(3DMF)(H2O)}n,,NIST-MATDB-6fb238246366535807268f8df02ede00,,WIKGII,10.1021/ic302645r,"(C106 H48 F36 N2 O28 Zn8)n,6n(C3 H7 N1 O1),2n(H2 O1)",1.0
