nist_name,nist_hashkey,csd_identifier,doi,formula_x,has_disorder_x,formula_y,has_disorder_y
((Me2NH2)In(NH2BDC)2),NIST-MATDB-895aa514507d242d5062b7a2742cea92,XALROT,10.1039/c2cc16923a,(C16 H10 In1 N2 O8)n,True,(C16 H10 In1 N2 O8)n,True
(Et2NH2)3[(Cu4Cl)3(TTCA)8],NIST-MATDB-698d87ea3dc222af53aca3746f3227d3,REGYOT,10.1039/c2cc35461f,"(C168 H72 Cl3 Cu12 O48 3-)n,26n(C5 H11 N1 O1),3n(C4 H12 N1 1+)",True,"(C168 H72 Cl3 Cu12 O48 3-)n,26n(C5 H11 N1 O1),3n(C4 H12 N1 1+)",True
(H3O)4[Ni6(pi3-O)2(pi2-OSC2H6)2(SO4)2(TATB)8/3].4C2H6O.13H2O,NIST-MATDB-ee36b2a9095ec91288836a44edfdc823,UGODEB,10.1021/acs.inorgchem.5b00316,"(C102 H66 N12 Ni9 O42 S6 6-)n,6n(H3 O1 1+),6n(C2 H6 O1),19.5n(H2 O1)",True,"(C102 H66 N12 Ni9 O42 S6 6-)n,6n(H3 O1 1+),6n(C2 H6 O1),19.5n(H2 O1)",True
(In3O)(OH)(ADC)2(IN)2*4.67H2O,NIST-MATDB-e0f1ea383b8b290ca83fb4c214ff9cf0,KACZEV,10.1039/c0cc02808h,"(C120 H75 In9 N18 O42)n,14n(H2 O1)",True,"(C120 H75 In9 N18 O42)n,14n(H2 O1)",True
(In3O)(OH)(ADC)2(IN)2*4.67H2O,NIST-MATDB-e0f1ea383b8b290ca83fb4c214ff9cf0,KACZIZ,10.1039/c0cc02808h,"(C120 H81 In9 N24 O42)n,8n(H2 O1)",True,"(C120 H81 In9 N24 O42)n,8n(H2 O1)",True
(Me2NH2)2(DMF)9(H2O)5,NIST-MATDB-0fc6fe0e88747d6206743f79868a947c,DEYMOL,10.1021/ic302583a,"(C37 H20 In2 O20 2-)n,2n(C2 H8 N1 1+),9n(C3 H7 N1 O1),5n(H2 O1)",True,"(C37 H20 In2 O20 2-)n,2n(C2 H8 N1 1+),9n(C3 H7 N1 O1),5n(H2 O1)",True
(NH2(CH3)2)3[Zn6(BTC)4(BTB)],NIST-MATDB-1e1291030fcd194b53599b4d457548d1,SIJDUM,10.1039/c3ce40929e,"(C63 H27 O30 Zn6 3-)n,3n(C2 H8 N1 1+)",True,"(C63 H27 O30 Zn6 3-)n,3n(C2 H8 N1 1+)",True
"2,4,6-tris-(4-carboxyphenoxy)-1,3,5-triazine (H3tcpt)",NIST-MATDB-9e095580c7def92493b44834013f53af,RUSCUF,10.1039/c5dt01770j,(C24 H13 N3 O10 Zn2)n,True,(C24 H13 N3 O10 Zn2)n,True
3Inf[(Cu(mu4-O)(mu2-OH)2(Me2trzpba)4],NIST-MATDB-eac31584ad49217cba58bde85c79de24,MALFUD,10.1016/j.micromeso.2010.11.017,"(C44 H42 Cu4 N12 O11)n,10n(H2 O1)",True,"(C44 H42 Cu4 N12 O11)n,10n(H2 O1)",True
467-MOF,NIST-MATDB-4c5fc9ec0f07f55545f660abeabc296d,YUQDUL,10.1002/chem.201502615,(C54 H33 Al3 O21)n,True,(C54 H33 Al3 O21)n,True
Al-soc-MOF-1,NIST-MATDB-3a650ab57f585098f15b7607aeb8fdb6,MUZKAV,10.1021/jacs.5b07053,"(C150 H96 Al6 O32 2+)n,2n(Cl1 1-)",True,"(C150 H96 Al6 O32 2+)n,2n(Cl1 1-)",True
Al-soc-MOF-1,NIST-MATDB-3a650ab57f585098f15b7607aeb8fdb6,MUZKEZ,10.1021/jacs.5b07053,"(C138 H90 Al6 O32 2+)n,2n(Cl1 1-)",True,"(C138 H90 Al6 O32 2+)n,2n(Cl1 1-)",True
Al-soc-MOF-2,NIST-MATDB-e43a6f6e6a693f59f9f85922f0cbcfdb,MUZKAV,10.1021/jacs.5b07053,"(C150 H96 Al6 O32 2+)n,2n(Cl1 1-)",True,"(C150 H96 Al6 O32 2+)n,2n(Cl1 1-)",True
Al-soc-MOF-2,NIST-MATDB-e43a6f6e6a693f59f9f85922f0cbcfdb,MUZKEZ,10.1021/jacs.5b07053,"(C138 H90 Al6 O32 2+)n,2n(Cl1 1-)",True,"(C138 H90 Al6 O32 2+)n,2n(Cl1 1-)",True
Al-soc-MOF-3,NIST-MATDB-af8a5b6c70b03db7ea3aa79b523f5981,MUZKAV,10.1021/jacs.5b07053,"(C150 H96 Al6 O32 2+)n,2n(Cl1 1-)",True,"(C150 H96 Al6 O32 2+)n,2n(Cl1 1-)",True
Al-soc-MOF-3,NIST-MATDB-af8a5b6c70b03db7ea3aa79b523f5981,MUZKEZ,10.1021/jacs.5b07053,"(C138 H90 Al6 O32 2+)n,2n(Cl1 1-)",True,"(C138 H90 Al6 O32 2+)n,2n(Cl1 1-)",True
Beta-[{Co(F-pymo)2}n],NIST-MATDB-e39d4856fb4eb22bcc744a36b84ab9c1,XOJCAB,10.1002/chem.200801048,"(C16 H8 Co2 F4 N8 O4)n,5n(H2 O1)",False,"(C16 H8 Co2 F4 N8 O4)n,5n(H2 O1)",False
Beta-[{Co(F-pymo)2}n],NIST-MATDB-e39d4856fb4eb22bcc744a36b84ab9c1,XOJCEF,10.1002/chem.200801048,(C16 H8 Co2 F4 N8 O4)n,False,(C16 H8 Co2 F4 N8 O4)n,False
Beta-[{Co(F-pymo)2}n],NIST-MATDB-e39d4856fb4eb22bcc744a36b84ab9c1,XOJCIJ,10.1002/chem.200801048,"(C16 H8 F4 N8 O4 Zn2)n,5n(H2 O1)",False,"(C16 H8 F4 N8 O4 Zn2)n,5n(H2 O1)",False
Beta-[{Co(F-pymo)2}n],NIST-MATDB-e39d4856fb4eb22bcc744a36b84ab9c1,XOJCOP,10.1002/chem.200801048,(C8 H4 F2 N4 O2 Zn1)n,False,(C8 H4 F2 N4 O2 Zn1)n,False
Beta-[{Zn(F-pymo)2}n],NIST-MATDB-00e77b7864c973ea6e0989974761c308,XOJCAB,10.1002/chem.200801048,"(C16 H8 Co2 F4 N8 O4)n,5n(H2 O1)",False,"(C16 H8 Co2 F4 N8 O4)n,5n(H2 O1)",False
Beta-[{Zn(F-pymo)2}n],NIST-MATDB-00e77b7864c973ea6e0989974761c308,XOJCEF,10.1002/chem.200801048,(C16 H8 Co2 F4 N8 O4)n,False,(C16 H8 Co2 F4 N8 O4)n,False
Beta-[{Zn(F-pymo)2}n],NIST-MATDB-00e77b7864c973ea6e0989974761c308,XOJCIJ,10.1002/chem.200801048,"(C16 H8 F4 N8 O4 Zn2)n,5n(H2 O1)",False,"(C16 H8 F4 N8 O4 Zn2)n,5n(H2 O1)",False
Beta-[{Zn(F-pymo)2}n],NIST-MATDB-00e77b7864c973ea6e0989974761c308,XOJCOP,10.1002/chem.200801048,(C8 H4 F2 N4 O2 Zn1)n,False,(C8 H4 F2 N4 O2 Zn1)n,False
C10H5MnN3O4,NIST-MATDB-f69ed813b38de6ebad057c3012a3aabe,UVETUL,10.1039/c1cc12278a,(C26 H24 Mn2 N8 O10)n,False,(C26 H24 Mn2 N8 O10)n,False
C10H5MnN3O4,NIST-MATDB-f69ed813b38de6ebad057c3012a3aabe,UVEVAT,10.1039/c1cc12278a,(C10 H5 Mn1 N3 O4)n,True,(C10 H5 Mn1 N3 O4)n,True
C10H5MnN3O4,NIST-MATDB-f69ed813b38de6ebad057c3012a3aabe,UVEVEX,10.1039/c1cc12278a,(C10 H5 Mn1 N3 O4)n,False,(C10 H5 Mn1 N3 O4)n,False
C115.5H202N14O43Zn4,NIST-MATDB-16b46a73888e61b0cad26c50f220e8e0,WAGYUA,10.1039/c0cc02496a,"(C99 H72 O38 Zn8)n,8n(C5 H11 N1 O1),20n(C4 H9 N1 O1),20n(H2 O1)",True,"(C99 H72 O38 Zn8)n,8n(C5 H11 N1 O1),20n(C4 H9 N1 O1),20n(H2 O1)",True
C12H6O13Zn4,NIST-MATDB-b01f3e5a174eb1bd8c260fc27f9ba4ba,XOZXOA,10.1021/ic900486r,(C12 H7 O13 Zn4)n,True,(C12 H7 O13 Zn4)n,True
C17H27CoN3O7.50,NIST-MATDB-45f6d98bc7ed053c7d12979e1027b5de,DIZVAK,10.1002/zaac.200700580,"(C22 H20 Co2 N2 O8)n,4n(C3 H7 N1 O1),3n(H2 O1)",True,"(C22 H20 Co2 N2 O8)n,4n(C3 H7 N1 O1),3n(H2 O1)",True
C18H16N2NiO6.5,NIST-MATDB-a90af2f6523476761c9c35a6bd39896b,WARQOX,10.1039/c2dt12198k,"(C36 H26 N4 Ni2 O10)n,4n(H2 O1)",True,"(C36 H26 N4 Ni2 O10)n,4n(H2 O1)",True
C26H8Cu2N2O12,NIST-MATDB-1c8c5285a706062eabfdae03e3a3e79c,ALAMUW,10.1002/chem.201002135,"(C32 H22 Cu2 N4 O14)n,n(C3 H7 N1 O1),n(H2 O1)",True,"(C32 H22 Cu2 N4 O14)n,n(C3 H7 N1 O1),n(H2 O1)",True
C26H8Cu2N2O12,NIST-MATDB-1c8c5285a706062eabfdae03e3a3e79c,ALANAD,10.1002/chem.201002135,"(C70 H58 N10 O30 Zn4)n,12n(C3 H7 N1 O1),8n(H2 O1)",True,"(C70 H58 N10 O30 Zn4)n,12n(C3 H7 N1 O1),8n(H2 O1)",True
C28H39N5O16Cu2,NIST-MATDB-882638acaeec81061a4c473755e4901d,DAWDOW,10.1021/cg201594p,"(C15 H18 Cu1 N3 O12 1-)2n,n(H12 Cu1 O6 2+),3n(H2 O1)",True,"(C15 H18 Cu1 N3 O12 1-)2n,n(H12 Cu1 O6 2+),3n(H2 O1)",True
C28H39N5O16Cu2,NIST-MATDB-882638acaeec81061a4c473755e4901d,DAWDUC,10.1021/cg201594p,"(C30 H36 Cu3 N6 O24)n,4n(H2 O1)",False,"(C30 H36 Cu3 N6 O24)n,4n(H2 O1)",False
C28H39N5O16Cu2,NIST-MATDB-882638acaeec81061a4c473755e4901d,DAWFAK,10.1021/cg201594p,"(C25 H23 Cu2 N5 O10)n,2n(H2 O1)",True,"(C25 H23 Cu2 N5 O10)n,2n(H2 O1)",True
C28H39N5O16Cu2,NIST-MATDB-882638acaeec81061a4c473755e4901d,FATLUJ,10.1021/cg201594p,"(C28 H26 Cu2 N5 O10)n,6n(H2 O1)",False,"(C28 H26 Cu2 N5 O10)n,6n(H2 O1)",False
C32H34N4O15Cl5Zn3,NIST-MATDB-db976ae0455d77a29d5ea4a2f428eabc,LUPYAX,10.1039/b927486c,(C64 H68 Cl10 N8 O30 Zn6)n,True,(C64 H68 Cl10 N8 O30 Zn6)n,True
C36H24Cu3N13O12,NIST-MATDB-020667879dbefe5573dc639d5cba61d4,QUJKUD,10.1021/acs.inorgchem.5b00561,"(C36 H25 Cu3 N12 O9 1+)n,n(N1 O3 1-),7n(H2 O1),n(C2 H6 O1)",True,"(C36 H25 Cu3 N12 O9 1+)n,n(N1 O3 1-),7n(H2 O1),n(C2 H6 O1)",True
C36H24Cu3N13O12,NIST-MATDB-020667879dbefe5573dc639d5cba61d4,QUJLAK,10.1021/acs.inorgchem.5b00561,"(C72 H50 Cu6 N24 O18 2+)n,2n(N1 O3 1-)",True,"(C72 H50 Cu6 N24 O18 2+)n,2n(N1 O3 1-)",True
C36H24Cu3N13O12,NIST-MATDB-020667879dbefe5573dc639d5cba61d4,QUJLAK01,10.1021/acs.inorgchem.5b00561,"(C72 H50 Cu6 N24 O18 2+)n,2n(N1 O3 1-)",True,"(C72 H50 Cu6 N24 O18 2+)n,2n(N1 O3 1-)",True
C36H24Cu3N13O12,NIST-MATDB-020667879dbefe5573dc639d5cba61d4,QUJLAK02,10.1021/acs.inorgchem.5b00561,"(C36 H25 Cu3 N12 O9 1+)n,n(N1 O3 1-)",True,"(C36 H25 Cu3 N12 O9 1+)n,n(N1 O3 1-)",True
C37H90Cu4O55,NIST-MATDB-ce1e82df74ccd9c549e14591c9562a34,FECXES,10.1039/c2jm15538a,"(C37 H28 Cu4 O24)n,31n(H2 O1)",True,"(C37 H28 Cu4 O24)n,31n(H2 O1)",True
C41H46Cu2N2O16,NIST-MATDB-775989e265743b13d867361d999255f8,CUYWUP,10.1039/b925903a,"(C33 H28 Cu2 O14)n,2n(C4 H9 N1 O1)",True,"(C33 H28 Cu2 O14)n,2n(C4 H9 N1 O1)",True
C43.7H10Mn2N6O8,NIST-MATDB-19c69bb8a592464ef0f7ffe8b79d7238,UVETUL,10.1039/c1cc12278a,(C26 H24 Mn2 N8 O10)n,False,(C26 H24 Mn2 N8 O10)n,False
C43.7H10Mn2N6O8,NIST-MATDB-19c69bb8a592464ef0f7ffe8b79d7238,UVEVAT,10.1039/c1cc12278a,(C10 H5 Mn1 N3 O4)n,True,(C10 H5 Mn1 N3 O4)n,True
C43.7H10Mn2N6O8,NIST-MATDB-19c69bb8a592464ef0f7ffe8b79d7238,UVEVEX,10.1039/c1cc12278a,(C10 H5 Mn1 N3 O4)n,False,(C10 H5 Mn1 N3 O4)n,False
C48H34N18O12S2Zn5,NIST-MATDB-0a92892de06530653b3845386ee15674,FUSTUK,10.1021/ic1010083,"(C48 H30 N18 O9 S2 Zn5)n,15n(C3 H7 N1 O1),8n(H2 O1)",True,"(C48 H30 N18 O9 S2 Zn5)n,15n(C3 H7 N1 O1),8n(H2 O1)",True
C50H22Cu3O15,NIST-MATDB-3225e6e13cd2934089cb853b7066a511,OGOJAX,10.1002/cplu.201500104,(C50 H28 Cu3 O15)n,True,(C50 H28 Cu3 O15)n,True
C50H48Co3N6O14S3,NIST-MATDB-ab72cbc68d0a68b9462909f5ff901baf,EYULOA,10.1039/c1ce05103b,"(C44 H34 Co3 N4 O12 S3)n,2n(C3 H7 N1 O1)",False,"(C44 H34 Co3 N4 O12 S3)n,2n(C3 H7 N1 O1)",False
C62H50Cd3K2N2O26,NIST-MATDB-0f23e9138eb186545d5877788ca80f1b,PILJAX,10.1039/c3ce26788a,"(C62 H50 Cd3 K2 N2 O24)n,2n(H2 O1)",True,"(C62 H50 Cd3 K2 N2 O24)n,2n(H2 O1)",True
C75H129Cu3N11O37,NIST-MATDB-3d633fabbc0fca8705969ae33b77bb14,MAYKOO,10.1021/ic300950h,"(C48 H36 Cu3 N2 O13)n,9n(C3 H7 N1 O1),15n(H2 O1)",True,"(C48 H36 Cu3 N2 O13)n,9n(C3 H7 N1 O1),15n(H2 O1)",True
C99H72Cd6O42,NIST-MATDB-707eda405a0508fa740a761bc17341eb,AROFAP,10.1021/cg101222w,(C99 H84 Cd6 O42)n,True,(C99 H84 Cd6 O42)n,True
C99H72Cd6O42,NIST-MATDB-707eda405a0508fa740a761bc17341eb,AROFET,10.1021/cg101222w,(C33 H28 Cd2 O14)n,True,(C33 H28 Cd2 O14)n,True
C99H72Cd6O42,NIST-MATDB-707eda405a0508fa740a761bc17341eb,EREGOY,10.1021/cg101222w,(C33 H30 Cd2 O15)n,True,(C33 H30 Cd2 O15)n,True
CALF-22,NIST-MATDB-fdb879bdaf4438bb5eaf07f290310c1b,NIMXIS,10.1021/ic302127y,"(C40 H20 N4 O32 Zn7)n,n(C3 H7 N1 O1),n(H2 O1)",True,"(C40 H20 N4 O32 Zn7)n,n(C3 H7 N1 O1),n(H2 O1)",True
CALF-33-Et2H,NIST-MATDB-17e986fe8ea1a230743d2b001556dc67,AXICOB,10.1002/anie.201607745,(C56 H52 Cu3 O18 P6)n,True,(C56 H52 Cu3 O18 P6)n,True
CALF-33-Et3,NIST-MATDB-d76fc9c0abb0833a2b5183079bea5700,AXICOB,10.1002/anie.201607745,(C56 H52 Cu3 O18 P6)n,True,(C56 H52 Cu3 O18 P6)n,True
COMOC-2(V^IV),NIST-MATDB-0eadb297ec36d2f38b7b50f131f4b745,NIGBOW,10.1021/ic301338a,(C14 H8 O5 V1)n,False,(C14 H8 O5 V1)n,False
CPF-13,NIST-MATDB-c50637bf54a2d538f3d82d51fc4d9e36,MIDTEA,10.1021/cm301322b,"(C2 H8 N1 1+)n,n(C26 H16 N5 O12 Zn3 1-)",True,"(C2 H8 N1 1+)n,n(C26 H16 N5 O12 Zn3 1-)",True
CPM-13,NIST-MATDB-04257d6a2f07a1a354e4eb4dc4c47986,IYUHEQ,10.1002/anie.201101957,"(C30 H21 In2 N5 O11)n,n(C2 H3 N1)",True,"(C30 H21 In2 N5 O11)n,n(C2 H3 N1)",True
CPM-13,NIST-MATDB-04257d6a2f07a1a354e4eb4dc4c47986,IYUHIU,10.1002/anie.201101957,"(C63 H24 In6 O45 6-)n,6n(C1 H6 N1 1+),1.5n(C2 H5 N1 O1),1.5n(H2 O1)",True,"(C63 H24 In6 O45 6-)n,6n(C1 H6 N1 1+),1.5n(C2 H5 N1 O1),1.5n(H2 O1)",True
CPM-13,NIST-MATDB-04257d6a2f07a1a354e4eb4dc4c47986,IYUHOA,10.1002/anie.201101957,"(C99 H48 In6 O45 6-)n,6n(C4 H12 N1 1+),7.5n(H2 O1)",True,"(C99 H48 In6 O45 6-)n,6n(C4 H12 N1 1+),7.5n(H2 O1)",True
CPM-13,NIST-MATDB-04257d6a2f07a1a354e4eb4dc4c47986,IYUHUG,10.1002/anie.201101957,"(C87 H55 In6 O34 1-)n,n(C1 H6 N1 1+)",True,"(C87 H55 In6 O34 1-)n,n(C1 H6 N1 1+)",True
CPM-13,NIST-MATDB-04257d6a2f07a1a354e4eb4dc4c47986,IYUJAO,10.1002/anie.201101957,(C43 H27 In3 O19)n,True,(C43 H27 In3 O19)n,True
CPM-5,NIST-MATDB-92b95c2098a3915fe7e1956347838103,IMUTUG,10.1021/ja106903p,"C2 H8 N1 1+,(C72 H36 In9 O56 1-)n,7(C3 H7 N1 O1),23(H2 O1)",True,"C2 H8 N1 1+,(C72 H36 In9 O56 1-)n,7(C3 H7 N1 O1),23(H2 O1)",True
CPM-5,NIST-MATDB-92b95c2098a3915fe7e1956347838103,IMUVAO,10.1021/ja106903p,"(C2 H8 N1 1+)n,n(C72 H40 In9 O58 1-)",True,"(C2 H8 N1 1+)n,n(C72 H40 In9 O58 1-)",True
CPM-5,NIST-MATDB-92b95c2098a3915fe7e1956347838103,IMUVES,10.1021/ja106903p,"(C1 H6 N1 1+)n,n(C72 H36 In9 O56 1-)",True,"(C1 H6 N1 1+)n,n(C72 H36 In9 O56 1-)",True
CPM-6,NIST-MATDB-373a3bef6faa5fa7a5f18c0a9f447ee3,IMUTUG,10.1021/ja106903p,"C2 H8 N1 1+,(C72 H36 In9 O56 1-)n,7(C3 H7 N1 O1),23(H2 O1)",True,"C2 H8 N1 1+,(C72 H36 In9 O56 1-)n,7(C3 H7 N1 O1),23(H2 O1)",True
CPM-6,NIST-MATDB-373a3bef6faa5fa7a5f18c0a9f447ee3,IMUVAO,10.1021/ja106903p,"(C2 H8 N1 1+)n,n(C72 H40 In9 O58 1-)",True,"(C2 H8 N1 1+)n,n(C72 H40 In9 O58 1-)",True
CPM-6,NIST-MATDB-373a3bef6faa5fa7a5f18c0a9f447ee3,IMUVES,10.1021/ja106903p,"(C1 H6 N1 1+)n,n(C72 H36 In9 O56 1-)",True,"(C1 H6 N1 1+)n,n(C72 H36 In9 O56 1-)",True
"CaIICuII6L3(OH)2(H2O)}*11H2O, L = (S,S)-leumox",NIST-MATDB-9ec1205d9931beef76bd1e7065c00203,DATMET,10.1039/c7ta01179b,"(C36 H52 Ca1 Cu6 N6 O21)n,13(H2 O1)",False,"(C36 H52 Ca1 Cu6 N6 O21)n,13(H2 O1)",False
"CaIICuII6L3(OH)2(H2O)}*11H2O, L = (S,S)-leumox",NIST-MATDB-9ec1205d9931beef76bd1e7065c00203,DATMIX,10.1039/c7ta01179b,"(C42 H64 Ca1 Cu6 N6 O21)n,11(H2 O1)",True,"(C42 H64 Ca1 Cu6 N6 O21)n,11(H2 O1)",True
"CaIICuII6L3(OH)2(H2O)}*13H2O, L = (S,S)-valmox",NIST-MATDB-9a5dff9fc121973c97bf5237246de407,DATMET,10.1039/c7ta01179b,"(C36 H52 Ca1 Cu6 N6 O21)n,13(H2 O1)",False,"(C36 H52 Ca1 Cu6 N6 O21)n,13(H2 O1)",False
"CaIICuII6L3(OH)2(H2O)}*13H2O, L = (S,S)-valmox",NIST-MATDB-9a5dff9fc121973c97bf5237246de407,DATMIX,10.1039/c7ta01179b,"(C42 H64 Ca1 Cu6 N6 O21)n,11(H2 O1)",True,"(C42 H64 Ca1 Cu6 N6 O21)n,11(H2 O1)",True
"CaIICuII6L3(OH)2(H2O)}*32H2O, L = (S,S)-alamox",NIST-MATDB-dfa6033107b4c9a328b40231086a893c,DATMET,10.1039/c7ta01179b,"(C36 H52 Ca1 Cu6 N6 O21)n,13(H2 O1)",False,"(C36 H52 Ca1 Cu6 N6 O21)n,13(H2 O1)",False
"CaIICuII6L3(OH)2(H2O)}*32H2O, L = (S,S)-alamox",NIST-MATDB-dfa6033107b4c9a328b40231086a893c,DATMIX,10.1039/c7ta01179b,"(C42 H64 Ca1 Cu6 N6 O21)n,11(H2 O1)",True,"(C42 H64 Ca1 Cu6 N6 O21)n,11(H2 O1)",True
Cd (II)-MOF [Cd(L)(DMF)],NIST-MATDB-2df53cb5b49803b76e21603aaac024e5,KETHEY02,10.1039/c4dt00230j,(C16 H14 Cd1 N2 O5)n,True,(C16 H14 Cd1 N2 O5)n,True
Co(BDP),NIST-MATDB-2550464c822ab8167fa0d14bb017902e,QUPZAE,10.1038/nature15732,(C12 H8 Co1 N4)n,False,(C12 H8 Co1 N4)n,False
Co(BDP),NIST-MATDB-2550464c822ab8167fa0d14bb017902e,QUPZAE01,10.1038/nature15732,(C12 H8 Co1 N4)n,False,(C12 H8 Co1 N4)n,False
Co(BDP),NIST-MATDB-2550464c822ab8167fa0d14bb017902e,QUPZIM,10.1038/nature15732,(C12 H8 Fe1 N4)n,False,(C12 H8 Fe1 N4)n,False
Co(BDP),NIST-MATDB-2550464c822ab8167fa0d14bb017902e,QUPZIM01,10.1038/nature15732,(C12 H8 Fe1 N4)n,False,(C12 H8 Fe1 N4)n,False
Co(BDP),NIST-MATDB-2550464c822ab8167fa0d14bb017902e,QUPZIM02,10.1038/nature15732,(C12 H8 Fe1 N4)n,False,(C12 H8 Fe1 N4)n,False
Co(BDP),NIST-MATDB-2550464c822ab8167fa0d14bb017902e,QUQBAH,10.1038/nature15732,"(C24 H16 Fe2 N8)n,6n(C3 H7 N1 O1)",False,"(C24 H16 Fe2 N8)n,6n(C3 H7 N1 O1)",False
Co(BDP),NIST-MATDB-2550464c822ab8167fa0d14bb017902e,QUQBEL,10.1038/nature15732,(C24 H16 Fe2 N8)n,True,(C24 H16 Fe2 N8)n,True
Co2(BDC)2(DPNDO),NIST-MATDB-98fef480a29b735d32133099ab27ad4c,LOVVAV,10.1021/cg501690b,(C26 H16 Co2 N2 O10)n,False,(C26 H16 Co2 N2 O10)n,False
Co2(BDC)2(DPNDO),NIST-MATDB-98fef480a29b735d32133099ab27ad4c,LOVVEZ,10.1021/cg501690b,"(C88 H56 Co6 N8 O28)n,4n(C3 H7 N1 O1),5n(H2 O1)",True,"(C88 H56 Co6 N8 O28)n,4n(C3 H7 N1 O1),5n(H2 O1)",True
Co2(BDC)2(DPNDO),NIST-MATDB-98fef480a29b735d32133099ab27ad4c,RUFTET,10.1021/cg501690b,"(C52 H32 Co4 N4 O20)n,2.5n(C1 H4 O1),1.5n(H2 O1)",True,"(C52 H32 Co4 N4 O20)n,2.5n(C1 H4 O1),1.5n(H2 O1)",True
Co2(NH2-BDC)1.5(L)(HCO2) solvent,NIST-MATDB-725694ffb14abc06c5c38b8b0df81a89,ZUQMAB,10.1002/ejic.201500715,"(C74 H53 Co4 N15 O22)n,4n(C3 H7 N1 O1),2n(H2 O1)",True,"(C74 H53 Co4 N15 O22)n,4n(C3 H7 N1 O1),2n(H2 O1)",True
Co3.bpda2- )3( tpt) /3 (DMF 2 )2,NIST-MATDB-00ba78345d8f9744f6626255fbb4bb09,CUGXAF,10.1039/c5ce01047k,(C180 H138 Co9 N18 O42)n,True,(C180 H138 Co9 N18 O42)n,True
Co9(btc)6(tpt)2(H2O)15],NIST-MATDB-99139ea435f11e5b3533267f160733c8,AWAWUR,10.1021/cg200043a,(C90 H72 Co9 N12 O51)n,True,(C90 H72 Co9 N12 O51)n,True
Cu(BDC-OH),NIST-MATDB-69defbb815a1b2e90296326827748d96,XADCIQ,10.1002/ejic.201000349,"(C16 H12 Cu2 O12)n,n(C5 H11 N1 O1)",True,"(C16 H12 Cu2 O12)n,n(C5 H11 N1 O1)",True
Cu2-Framework,NIST-MATDB-7117efa5520227587e95e9afc63dda82,GAFROX,10.1002/chem.201503163,(C22 H15 N1 O10 Zn2)n,True,(C22 H15 N1 O10 Zn2)n,True
Cu2-Framework,NIST-MATDB-7117efa5520227587e95e9afc63dda82,GAFRUD,10.1002/chem.201503163,(C22 H15 Cu2 N1 O10)n,True,(C22 H15 Cu2 N1 O10)n,True
Cu2TPTC-Me,NIST-MATDB-931b4a66ede38d35742a9d5f2635b66e,MUKQUG,10.1016/j.micromeso.2015.05.036,"(C24 H18 Cu2 O10)n,x(C2 H3 N1),x(C3 H7 N1 O1),x(H2 O1)",True,"(C24 H18 Cu2 O10)n,x(C2 H3 N1),x(C3 H7 N1 O1),x(H2 O1)",True
Cu2TPTC-Me,NIST-MATDB-931b4a66ede38d35742a9d5f2635b66e,MUKRAN,10.1016/j.micromeso.2015.05.036,"(C24 H18 Cu2 O12)n,x(C2 H3 N1),x(C3 H7 N1 O1),x(H2 O1)",True,"(C24 H18 Cu2 O12)n,x(C2 H3 N1),x(C3 H7 N1 O1),x(H2 O1)",True
Cu3(NH2btc)2,NIST-MATDB-342fc1d93ed53875ada158f7c632a025,ADOGEH,10.1039/c2cc36220a,"(C36 H28 Cu6 N4 O30)n,6n(C3 H7 N1 O1),10n(H2 O1)",True,"(C36 H28 Cu6 N4 O30)n,6n(C3 H7 N1 O1),10n(H2 O1)",True
Cu3(cdm)4,NIST-MATDB-5e8d36db7dd4baa35636898ed4dfd622,QOPPOC,10.1021/cm502189c,(C17 H14 Cu3 N12 O6)n,True,(C17 H14 Cu3 N12 O6)n,True
DUMMOP,NIST-MATDB-fbb029f4b9e35be603895fea38ae239a,DUMMOP,10.1039/c5ce01192b,(C38 H24 N2 O8 Si1 Zn2)n,True,(C38 H24 N2 O8 Si1 Zn2)n,True
DUMMOP,NIST-MATDB-fbb029f4b9e35be603895fea38ae239a,DUMMUV,10.1039/c5ce01192b,"(C38 H24 Cu2 N2 O8 Si1)n,n(H2 O1)",True,"(C38 H24 Cu2 N2 O8 Si1)n,n(H2 O1)",True
DUT-23(Co),NIST-MATDB-48e26b7adcf7fadb973bf861c31732a4,BAZFUF01,10.1002/chem.201101383,(C108 H72 Cu6 O30)n,True,(C108 H72 Cu6 O30)n,True
DUT-23(Co),NIST-MATDB-48e26b7adcf7fadb973bf861c31732a4,ICAQIO,10.1002/chem.201101383,(C138 H84 Co6 N6 O24)n,True,(C138 H84 Co6 N6 O24)n,True
DUT-23(Co),NIST-MATDB-48e26b7adcf7fadb973bf861c31732a4,ICAQOU,10.1002/chem.201101383,(C138 H84 Cu6 N6 O24)n,True,(C138 H84 Cu6 N6 O24)n,True
DUT-23(Co),NIST-MATDB-48e26b7adcf7fadb973bf861c31732a4,ICAQUA,10.1002/chem.201101383,(C138 H84 N6 O24 Zn6)n,True,(C138 H84 N6 O24 Zn6)n,True
DUT-23(Co),NIST-MATDB-48e26b7adcf7fadb973bf861c31732a4,ICARAH,10.1002/chem.201101383,(C180 H120 Cu6 N6 O36)n,True,(C180 H120 Cu6 N6 O36)n,True
DUT-23(Co),NIST-MATDB-48e26b7adcf7fadb973bf861c31732a4,ICAREL,10.1002/chem.201101383,(C261 H171 Cu12 N9 O51)n,True,(C261 H171 Cu12 N9 O51)n,True
DUT-23(Co),NIST-MATDB-48e26b7adcf7fadb973bf861c31732a4,ICAROV,10.1002/chem.201101383,(C138 H84 N6 Ni6 O24)n,True,(C138 H84 N6 Ni6 O24)n,True
DUT-49,NIST-MATDB-2490ce0762cb0c4ad3c4cd37cf38b46f,ACOCOM,10.1039/c2cc34840c,"(C40 H24 Cu2 N2 O10)n,5.2n(C5 H9 N1 O1)",True,"(C40 H24 Cu2 N2 O10)n,5.2n(C5 H9 N1 O1)",True
DUT-49,NIST-MATDB-2490ce0762cb0c4ad3c4cd37cf38b46f,ACOCUS,10.1039/c2cc34840c,"(C40 H24 N2 O10 Zn2)n,5.3n(C5 H9 N1 O1)",True,"(C40 H24 N2 O10 Zn2)n,5.3n(C5 H9 N1 O1)",True
DUT-49,NIST-MATDB-2490ce0762cb0c4ad3c4cd37cf38b46f,ACODAZ,10.1039/c2cc34840c,"(C40 H24 Co2 N2 O10)n,4.6n(C5 H9 N1 O1)",True,"(C40 H24 Co2 N2 O10)n,4.6n(C5 H9 N1 O1)",True
DUT-8(Co),NIST-MATDB-13ac8c4710a7b77300744bc8d719e82a,NIFFEP,10.1039/c2jm15601f,"(C60 H48 N4 O16 Zn4)n,10n(C3 H7 N1 O1)",True,"(C60 H48 N4 O16 Zn4)n,10n(C3 H7 N1 O1)",True
DUT-8(Co),NIST-MATDB-13ac8c4710a7b77300744bc8d719e82a,NIFFIT,10.1039/c2jm15601f,"(C30 H24 Cu2 N2 O8)n,6n(C5 H11 N1 O1),2n(H2 O1)",True,"(C30 H24 Cu2 N2 O8)n,6n(C5 H11 N1 O1),2n(H2 O1)",True
DUT-8(Co),NIST-MATDB-13ac8c4710a7b77300744bc8d719e82a,NIFFOZ,10.1039/c2jm15601f,"(C30 H24 Co2 N2 O8)n,6n(C5 H11 N1 O1)",True,"(C30 H24 Co2 N2 O8)n,6n(C5 H11 N1 O1)",True
DUT-8(Cu),NIST-MATDB-3639a8e3da1f86dc5f47a55442c9ae77,NIFFEP,10.1039/c2jm15601f,"(C60 H48 N4 O16 Zn4)n,10n(C3 H7 N1 O1)",True,"(C60 H48 N4 O16 Zn4)n,10n(C3 H7 N1 O1)",True
DUT-8(Cu),NIST-MATDB-3639a8e3da1f86dc5f47a55442c9ae77,NIFFIT,10.1039/c2jm15601f,"(C30 H24 Cu2 N2 O8)n,6n(C5 H11 N1 O1),2n(H2 O1)",True,"(C30 H24 Cu2 N2 O8)n,6n(C5 H11 N1 O1),2n(H2 O1)",True
DUT-8(Cu),NIST-MATDB-3639a8e3da1f86dc5f47a55442c9ae77,NIFFOZ,10.1039/c2jm15601f,"(C30 H24 Co2 N2 O8)n,6n(C5 H11 N1 O1)",True,"(C30 H24 Co2 N2 O8)n,6n(C5 H11 N1 O1)",True
DUT-8(Zn),NIST-MATDB-47c9e3bb71503de2a16fb4851fea7edd,NIFFEP,10.1039/c2jm15601f,"(C60 H48 N4 O16 Zn4)n,10n(C3 H7 N1 O1)",True,"(C60 H48 N4 O16 Zn4)n,10n(C3 H7 N1 O1)",True
DUT-8(Zn),NIST-MATDB-47c9e3bb71503de2a16fb4851fea7edd,NIFFIT,10.1039/c2jm15601f,"(C30 H24 Cu2 N2 O8)n,6n(C5 H11 N1 O1),2n(H2 O1)",True,"(C30 H24 Cu2 N2 O8)n,6n(C5 H11 N1 O1),2n(H2 O1)",True
DUT-8(Zn),NIST-MATDB-47c9e3bb71503de2a16fb4851fea7edd,NIFFOZ,10.1039/c2jm15601f,"(C30 H24 Co2 N2 O8)n,6n(C5 H11 N1 O1)",True,"(C30 H24 Co2 N2 O8)n,6n(C5 H11 N1 O1)",True
DUT-9,NIST-MATDB-01a0c02c68759ba101007c14eeff89ba,WAGQAY,10.1002/anie.201001735,(C66 H66 N4 Ni5 O22)n,True,(C66 H66 N4 Ni5 O22)n,True
Desolvated C12H13CuN5O6,NIST-MATDB-2a4b7a481832eb193875f79401b4669d,EWUCOP,10.1021/ic1017467,"(C18 H8 Cu2 N8 O8)n,2n(C3 H7 N1 O1),2n(H2 O1)",False,"(C18 H8 Cu2 N8 O8)n,2n(C3 H7 N1 O1),2n(H2 O1)",False
FIR-2-ht,NIST-MATDB-08b430465997e5387cbbba0576f38f1f,PATWOY,10.1021/cg3001009,(C98 H68 N6 O14 Zn3)n,True,(C98 H68 N6 O14 Zn3)n,True
FIR-51,NIST-MATDB-a4ed01077a429c5f198b12181cd8b6d8,LOWKUF,10.1039/c4dt03594a,"(C12 H7 N6 O7 Zn3 1-)n,H3 O1 1+,H2 O1,2(C5 H10 N1 O1)",True,"(C12 H7 N6 O7 Zn3 1-)n,H3 O1 1+,H2 O1,2(C5 H10 N1 O1)",True
FIR-7a-ht,NIST-MATDB-d7ca58df25e418904749b937dc840b31,QILBOE,10.1039/c3cc47286h,"(C90 H72 N6 O14 Zn3)n,4n(C6 H12 N2 O1)",True,"(C90 H72 N6 O14 Zn3)n,4n(C6 H12 N2 O1)",True
FIR-7a-ht,NIST-MATDB-d7ca58df25e418904749b937dc840b31,QILBUK,10.1039/c3cc47286h,"(C97 H74 N6 O13 Zn3)n,10n(C6 H12 N2 O1)",True,"(C97 H74 N6 O13 Zn3)n,10n(C6 H12 N2 O1)",True
FIR-8a-ht,NIST-MATDB-d9783e337e7ce09116e25a43e33f6d63,PIQMOT,10.1021/ic4020256,"(C39 H24 Ce1 N1 O6)n,1.5n(H2 O1),0.5n(C2 H6 O1),n(C3 H7 N1 O1)",True,"(C39 H24 Ce1 N1 O6)n,1.5n(H2 O1),0.5n(C2 H6 O1),n(C3 H7 N1 O1)",True
FIR-8a-ht,NIST-MATDB-d9783e337e7ce09116e25a43e33f6d63,PIQMUZ,10.1021/ic4020256,"(C78 H54 Ce1 N2 O14 1-)n,n(C2 H8 N1 1+),n(C3 H7 N1 O1),1.5n(H2 O1)",True,"(C78 H54 Ce1 N2 O14 1-)n,n(C2 H8 N1 1+),n(C3 H7 N1 O1),1.5n(H2 O1)",True
FJI-1,NIST-MATDB-52d9a2d9cf14e4dc3c32e76f285a7b7a,IYOWID,10.1039/c1cc12858b,"(C138 H84 N6 O24 Zn6)n,55n(C3 H7 N1 O1),32n(H2 O1)",True,"(C138 H84 N6 O24 Zn6)n,55n(C3 H7 N1 O1),32n(H2 O1)",True
FJI-2,NIST-MATDB-53ca759c25292e3cfbe627daf6f0dcee,FIHKOY,10.1039/c3ta12391j,"(C126 H108 N6 O36 Zn9)n,16n(C5 H11 N1 O1)",True,"(C126 H108 N6 O36 Zn9)n,16n(C5 H11 N1 O1)",True
FJI-3,NIST-MATDB-7197d409b92aa6e930558f99353d69f9,FIWKUT,10.1039/c3cc48556k,(C54 H28 O44 Zn10)n,True,(C54 H28 O44 Zn10)n,True
FJI-C1,NIST-MATDB-99bf92208771cc605a3faf79b8eabf10,NOHQEI,10.1002/cssc.201402206,"(C192 H96 In6 N24 O48 6-)n,32(C5 H11 N1 O1),6(C8 H20 N1 1+),22(H2 O1)",True,"(C192 H96 In6 N24 O48 6-)n,32(C5 H11 N1 O1),6(C8 H20 N1 1+),22(H2 O1)",True
FJI-H5,NIST-MATDB-3c2e9a2c0d5574084052aa7f7e295242,ZIVCOY,10.1039/c3cc48381a,(C84 H54 Cu6 O33)n,True,(C84 H54 Cu6 O33)n,True
FJU-12a,NIST-MATDB-f3c192944e2aca4c0d3eb6d4f981156d,DUPJAB,10.1021/acs.cgd.5b00473,"(C88 H64 Cd12 N24 O42 2-)n,6n(C3 H7 N1 O1),14n(H2 O1),2n(C2 H8 N1 1+)",True,"(C88 H64 Cd12 N24 O42 2-)n,6n(C3 H7 N1 O1),14n(H2 O1),2n(C2 H8 N1 1+)",True
FMOF-2,NIST-MATDB-12f0e59f182a26494316933fff0304e2,KAFTUI,10.1021/cg9014948,"(C57 H38 F18 N2 O16 Zn4)n,0.5n(C2 H6 O1)",True,"(C57 H38 F18 N2 O16 Zn4)n,0.5n(C2 H6 O1)",True
Fe(bdp),NIST-MATDB-097fa2def02c999a76134122213f71ed,QUPZAE,10.1038/nature15732,(C12 H8 Co1 N4)n,False,(C12 H8 Co1 N4)n,False
Fe(bdp),NIST-MATDB-097fa2def02c999a76134122213f71ed,QUPZAE01,10.1038/nature15732,(C12 H8 Co1 N4)n,False,(C12 H8 Co1 N4)n,False
Fe(bdp),NIST-MATDB-097fa2def02c999a76134122213f71ed,QUPZIM,10.1038/nature15732,(C12 H8 Fe1 N4)n,False,(C12 H8 Fe1 N4)n,False
Fe(bdp),NIST-MATDB-097fa2def02c999a76134122213f71ed,QUPZIM01,10.1038/nature15732,(C12 H8 Fe1 N4)n,False,(C12 H8 Fe1 N4)n,False
Fe(bdp),NIST-MATDB-097fa2def02c999a76134122213f71ed,QUPZIM02,10.1038/nature15732,(C12 H8 Fe1 N4)n,False,(C12 H8 Fe1 N4)n,False
Fe(bdp),NIST-MATDB-097fa2def02c999a76134122213f71ed,QUQBAH,10.1038/nature15732,"(C24 H16 Fe2 N8)n,6n(C3 H7 N1 O1)",False,"(C24 H16 Fe2 N8)n,6n(C3 H7 N1 O1)",False
Fe(bdp),NIST-MATDB-097fa2def02c999a76134122213f71ed,QUQBEL,10.1038/nature15732,(C24 H16 Fe2 N8)n,True,(C24 H16 Fe2 N8)n,True
HNUST-1,NIST-MATDB-fc55fd74c521bbc8ed0f0849faf9b17e,GEYFIB,10.1039/c3ce26177h,(C24 H16 Cu2 N2 O12)n,True,(C24 H16 Cu2 N2 O12)n,True
HNUST-4,NIST-MATDB-258f598c6216eafd0dfcd61b5977abc0,VORHER,10.1039/c4ce01165a,(C75 H54 Cu6 N6 O36)n,True,(C75 H54 Cu6 N6 O36)n,True
InOF-1,NIST-MATDB-2d7803c22e5b5c29bef8c131c015ff67,YAZFOW,10.1039/c2cc35068h,"(C16 H10 In2 O12)n,3n(H2 O1)",True,"(C16 H10 In2 O12)n,3n(H2 O1)",True
InOF-15,NIST-MATDB-ce261a72defa1fa7ed3a5699d0a7032e,ECESEN,10.1039/c7dt03255b,"(C63 H42 In3 N6 O16 1+)n,N1 O3 1-",True,"(C63 H42 In3 N6 O16 1+)n,N1 O3 1-",True
InOF-2,NIST-MATDB-f68a58fe7a68c0fddf6b45d0b0178a79,HIHNUJ,10.1039/c3ta11548h,(C16 H6 In1 O8)n,True,(C16 H6 In1 O8)n,True
InOF-2-Li+,NIST-MATDB-4849f8961f48df2040174f503bca7959,HIHNUJ,10.1039/c3ta11548h,(C16 H6 In1 O8)n,True,(C16 H6 In1 O8)n,True
JLU-Liu1,NIST-MATDB-591341d56de55cdcdba376d6931481e5,QIQZIB,10.1039/c3cc47462c,(C28 H28 Cu8 N6 O32 S6)n,True,(C28 H28 Cu8 N6 O32 S6)n,True
JUC-103,NIST-MATDB-787d7d8a6bbe61e3962aaf50bef219c9,UFIREI,10.1039/c3ta11840a,"(C69 H42 O13 Zn4)n,n(H2 O1)",True,"(C69 H42 O13 Zn4)n,n(H2 O1)",True
JUC-103,NIST-MATDB-787d7d8a6bbe61e3962aaf50bef219c9,UFIRIM,10.1039/c3ta11840a,(C69 H46 O14 Pb3)n,False,(C69 H46 O14 Pb3)n,False
M'MOF-20a,NIST-MATDB-52816b9542773a53d8697b9e507f9afc,GAWRED,10.1021/ic2021275,"(C44 H32 Cu1 N4 O10 Zn2)n,3n(C3 H7 N1 O1),n(H2 O1)",True,"(C44 H32 Cu1 N4 O10 Zn2)n,3n(C3 H7 N1 O1),n(H2 O1)",True
MAF-49,NIST-MATDB-0276792e899405c02486701d603b7144,YUZBIG,10.1038/ncomms9697,"(C5 H6 N8 Zn1)n,0.5n(H2 O1)",False,"(C5 H6 N8 Zn1)n,0.5n(H2 O1)",False
MAF-49,NIST-MATDB-0276792e899405c02486701d603b7144,YUZBOM,10.1038/ncomms9697,(C5 H6 N8 Zn1)n,False,(C5 H6 N8 Zn1)n,False
MAF-49,NIST-MATDB-0276792e899405c02486701d603b7144,YUZBUS,10.1038/ncomms9697,"(C5 H6 N8 Zn1)n,0.35n(C2 H6)",False,"(C5 H6 N8 Zn1)n,0.35n(C2 H6)",False
MAF-49,NIST-MATDB-0276792e899405c02486701d603b7144,YUZCAZ,10.1038/ncomms9697,"(C5 H6 N8 Zn1)n,0.39n(C2 H4)",False,"(C5 H6 N8 Zn1)n,0.39n(C2 H4)",False
MAF-49,NIST-MATDB-0276792e899405c02486701d603b7144,YUZCED,10.1038/ncomms9697,"(C5 H6 N8 Zn1)n,0.14n(C1 O2)",False,"(C5 H6 N8 Zn1)n,0.14n(C1 O2)",False
MAF-66,NIST-MATDB-25deda5c080d86d236a09c056561d3ff,YEGKIG,10.1021/ic301463z,"(C4 H6 N8 Zn1)n,n(C3 H8 O1),0.6n(H2 O1)",True,"(C4 H6 N8 Zn1)n,n(C3 H8 O1),0.6n(H2 O1)",True
MAF-66,NIST-MATDB-25deda5c080d86d236a09c056561d3ff,YEGKOM,10.1021/ic301463z,"(C4 H6 N8 Zn1)n,0.19n(C1 H4 O1),3.61n(H2 O1)",True,"(C4 H6 N8 Zn1)n,0.19n(C1 H4 O1),3.61n(H2 O1)",True
MIL-120,NIST-MATDB-507bc57ee9ef5cbee2d2eb7e9e4e1d89,BUSQIQ,10.1021/cm9023106,"(C10 H10 Al4 O16)n,5n(H2 O1)",False,"(C10 H10 Al4 O16)n,5n(H2 O1)",False
MOF-1,NIST-MATDB-1aa4de6e9b58cd21cd479010283694b5,GECXUH03,10.1021/cg900797y,"(C8 H6 O5 Zn1)n,n(C3 H7 N1 O1)",False,"(C8 H6 O5 Zn1)n,n(C3 H7 N1 O1)",False
MOF-1,NIST-MATDB-1aa4de6e9b58cd21cd479010283694b5,WAFKEU02,10.1021/cg900797y,(C22 H20 N2 O8 Zn2)n,True,(C22 H20 N2 O8 Zn2)n,True
MOF-2,NIST-MATDB-2a55d7fddaa59cb289e94c60012b7c80,GECXUH03,10.1021/cg900797y,"(C8 H6 O5 Zn1)n,n(C3 H7 N1 O1)",False,"(C8 H6 O5 Zn1)n,n(C3 H7 N1 O1)",False
MOF-2,NIST-MATDB-2a55d7fddaa59cb289e94c60012b7c80,WAFKEU02,10.1021/cg900797y,(C22 H20 N2 O8 Zn2)n,True,(C22 H20 N2 O8 Zn2)n,True
MOF-205,NIST-MATDB-c72a7787d6aa9690e6f0e608535eba56,POWNOG,10.1039/c4dt02300e,(C144 H75 N3 O45 Zn12)n,True,(C144 H75 N3 O45 Zn12)n,True
MOF-205,NIST-MATDB-c72a7787d6aa9690e6f0e608535eba56,POWPAU,10.1039/c4dt02300e,(C144 H81 N3 O39 Zn12)n,True,(C144 H81 N3 O39 Zn12)n,True
MOF-205-OBn,NIST-MATDB-c37eba54e85c5feb4bb0c694afb281f2,POWNOG,10.1039/c4dt02300e,(C144 H75 N3 O45 Zn12)n,True,(C144 H75 N3 O45 Zn12)n,True
MOF-205-OBn,NIST-MATDB-c37eba54e85c5feb4bb0c694afb281f2,POWPAU,10.1039/c4dt02300e,(C144 H81 N3 O39 Zn12)n,True,(C144 H81 N3 O39 Zn12)n,True
MnC12H6O4,NIST-MATDB-53a56de21adaf98e91115815d8c6b9e0,PEQWAK,10.1021/ic0611948,(C34 H34 Mn2 N2 O10)n,False,(C34 H34 Mn2 N2 O10)n,False
NH2-MIL-53(Al),NIST-MATDB-1b5c20248717ca46ef341e3c5f2c1f30,NAXKOO,10.1002/cssc.201100378,"(C8 H5 Al1 N1 O5)n,n(C1 O2)",True,"(C8 H5 Al1 N1 O5)n,n(C1 O2)",True
NH2-MIL-53(Al),NIST-MATDB-1b5c20248717ca46ef341e3c5f2c1f30,NAXKOO01,10.1002/cssc.201100378,"(C8 H5 Al1 N1 O5)n,n(C1 O2)",False,"(C8 H5 Al1 N1 O5)n,n(C1 O2)",False
NH2-MIL-53(Al),NIST-MATDB-1b5c20248717ca46ef341e3c5f2c1f30,NAXKOO02,10.1002/cssc.201100378,"(C8 H5 Al1 N1 O5)n,n(C1 O2)",True,"(C8 H5 Al1 N1 O5)n,n(C1 O2)",True
NH2-MIL-53(Al),NIST-MATDB-1b5c20248717ca46ef341e3c5f2c1f30,NAXLEF,10.1002/cssc.201100378,(C8 H5 Al1 N1 O5)n,False,(C8 H5 Al1 N1 O5)n,False
NJFU-2a,NIST-MATDB-f036f0c554636b0832a5407c5b814aa2,FUBTUT,10.1039/c5ra02756j,(C12 H6 Co1 N2 O4)n,True,(C12 H6 Co1 N2 O4)n,True
NJTU-1,NIST-MATDB-7aa6f7200318ad474b557940bc6726c0,VOXTOT,10.1039/c5ce00015g,(C156 H96 Cu6 O30)n,True,(C156 H96 Cu6 O30)n,True
NJU-Bai10,NIST-MATDB-de097f333a12f151b1a9c69309e8d354,KIRFOI,10.1021/cg400449c,(C63 H39 Cu6 N3 O30)n,True,(C63 H39 Cu6 N3 O30)n,True
NJU-Bai11,NIST-MATDB-f1db5f31ee87b019202d5c10cc62d821,XIBZUF,10.1021/cg400096e,(C33 H19 N3 O17 Y2)n,True,(C33 H19 N3 O17 Y2)n,True
NJU-Bai13,NIST-MATDB-cb92fb8a573d601d911df43416fac968,OGEBAF,10.1039/c3ce41119b,(C34 H20 Cu3 O15)n,True,(C34 H20 Cu3 O15)n,True
NJU-Bai16,NIST-MATDB-e5c91eae38ec8d2f19eb75e37c477f4e,EQETAX,10.1039/c5ce00612k,"(C17 H11 Cu1 N3 O5)n,2n(C3 H7 N1 O1),n(H2 O1)",True,"(C17 H11 Cu1 N3 O5)n,2n(C3 H7 N1 O1),n(H2 O1)",True
NJU-Bai9,NIST-MATDB-30f48b3c242f6fab73802980177ac288,ADUROI,10.1002/anie.201302715,"(C21 H15 N3 O7 Zn1)n,n(C3 H7 N1 O1),3.5n(H2 O1)",True,"(C21 H15 N3 O7 Zn1)n,n(C3 H7 N1 O1),3.5n(H2 O1)",True
NOTT-101,NIST-MATDB-3e23a7b6749879ee42f7de40eb1cb81d,HOJJUN,10.1039/c4cc05833j,"(C22 H12 Cu2 N2 O10 S1)n,4n(C5 H11 N1 O1),6n(H2 O1)",True,"(C22 H12 Cu2 N2 O10 S1)n,4n(C5 H11 N1 O1),6n(H2 O1)",True
NOTT-101a,NIST-MATDB-f96bbb3f8120ee55e5b45b7556e11f4a,BUPDOH,10.1039/c5dt02089a,(C20 H12 Cu2 N2 O10)n,True,(C20 H12 Cu2 N2 O10)n,True
NOTT-300,NIST-MATDB-c9b48f1b01eb70760c7d618b9ac9c937,KUKWAR,10.1038/nchem.1457,"(C16 H8 Al2 O10)n,6(H2 O1)",False,"(C16 H8 Al2 O10)n,6(H2 O1)",False
NOTT-300,NIST-MATDB-c9b48f1b01eb70760c7d618b9ac9c937,KUKWEV,10.1038/nchem.1457,"(C16 H8 Al2 O10)n,3.2(C1 O2)",True,"(C16 H8 Al2 O10)n,3.2(C1 O2)",True
NOTT-300,NIST-MATDB-c9b48f1b01eb70760c7d618b9ac9c937,KUKWIZ,10.1038/nchem.1457,"(C16 H8 Al2 O10)n,4(O2 S1)",True,"(C16 H8 Al2 O10)n,4(O2 S1)",True
NOTT-300,NIST-MATDB-c9b48f1b01eb70760c7d618b9ac9c937,TOXMUQ,10.1038/nchem.2114,"(C16 H8 Al2 O10)n,4n(C2 H2)",True,"(C16 H8 Al2 O10)n,4n(C2 H2)",True
NOTT-300,NIST-MATDB-c9b48f1b01eb70760c7d618b9ac9c937,TOXNAX,10.1038/nchem.2114,"(C16 H8 Al2 O10)2n,5n(C2 H4)",True,"(C16 H8 Al2 O10)2n,5n(C2 H4)",True
NOTT-300,NIST-MATDB-c9b48f1b01eb70760c7d618b9ac9c937,TOXNEB,10.1038/nchem.2114,"(C16 H8 Al2 O10)n,2.7n(C2 D2)",True,"(C16 H8 Al2 O10)n,2.7n(C2 D2)",True
NOTT-300,NIST-MATDB-c9b48f1b01eb70760c7d618b9ac9c937,TOXNIF,10.1038/nchem.2114,"(C16 H8 Al2 O10)n,1.8n(C2 D4)",True,"(C16 H8 Al2 O10)n,1.8n(C2 D4)",True
NOTT-300,NIST-MATDB-c9b48f1b01eb70760c7d618b9ac9c937,XUPSAE,10.1038/nchem.2114,"(C16 H8 Al2 O10)n,1.3n(C2 D6)",True,"(C16 H8 Al2 O10)n,1.3n(C2 D6)",True
NPC-7-Cu,NIST-MATDB-b326c3dbf440a20fdd9fa30b84918fb1,JUXFOZ,10.1021/acsami.5b07953,"(C35 H39 N3 O11 Zn2)n,3n(C3 H7 N1 O1)",True,"(C35 H39 N3 O11 Zn2)n,3n(C3 H7 N1 O1)",True
NPC-7-Zn,NIST-MATDB-ced3f99b3a27382e97774cffcb6b54c2,JUXFOZ,10.1021/acsami.5b07953,"(C35 H39 N3 O11 Zn2)n,3n(C3 H7 N1 O1)",True,"(C35 H39 N3 O11 Zn2)n,3n(C3 H7 N1 O1)",True
NTU-101-Cu,NIST-MATDB-0bf9931619df1977d135278f76734952,ZELQAK,10.1039/c2cc34921c,"(C54 H56 N12 O22 Zn4)n,1.5n(C3 H7 N1 O1)",True,"(C54 H56 N12 O22 Zn4)n,1.5n(C3 H7 N1 O1)",True
NU-135,NIST-MATDB-1b95fcd71d4ffac273b7f59c717efe16,MIZPUI,10.1021/cm4020942,(C18 H20 B10 Cu2 O10)n,True,(C18 H20 B10 Cu2 O10)n,True
Ni3(pzdc)2(7Hade)2(H2O)0.6,NIST-MATDB-884cce14ef9e7402207e4163a1ef11a1,UNEZAP,10.1039/c0cc05559j,"(C20 H20 N14 Ni3 O12)n,2.18n(H2 O1)",False,"(C20 H20 N14 Ni3 O12)n,2.18n(H2 O1)",False
Ni6P6O18N6C18H36,NIST-MATDB-af0f57591074558f89a249ed4c1e9e5e,QOSXAY,10.1021/ja804936z,(C18 H36 N6 Ni6 O18 P6)n,False,(C18 H36 N6 Ni6 O18 P6)n,False
Ni6P6O18N6C18H36,NIST-MATDB-af0f57591074558f89a249ed4c1e9e5e,QOVDAH,10.1021/ja804936z,"(C6 H16 N2 Ni2 O8 P2)n,6n(H2 O1)",True,"(C6 H16 N2 Ni2 O8 P2)n,6n(H2 O1)",True
Ni6P6O18N6C18H36,NIST-MATDB-af0f57591074558f89a249ed4c1e9e5e,QOVDEL,10.1021/ja804936z,(C6 H16 N2 Ni2 O8 P2)n,False,(C6 H16 N2 Ni2 O8 P2)n,False
PCN-121,NIST-MATDB-447c9019b6ef13139916dbdfdee1681e,XALMII,10.1039/c1cc16261f,(C30 H26 Co3 N2 O12)n,True,(C30 H26 Co3 N2 O12)n,True
PCN-121,NIST-MATDB-447c9019b6ef13139916dbdfdee1681e,XALMOO,10.1039/c1cc16261f,(C48 H30 Co2 N4 O9)n,True,(C48 H30 Co2 N4 O9)n,True
PCN-305,NIST-MATDB-7289924516a05f6331ed0c66b26d50f9,FIBKEI,10.1002/chem.201203297,(C63 H39 Cu6 N3 O30)n,True,(C63 H39 Cu6 N3 O30)n,True
PCN-308,NIST-MATDB-eae6f61ad18f3424d1dbe2bb8af90479,FIBKEI,10.1002/chem.201203297,(C63 H39 Cu6 N3 O30)n,True,(C63 H39 Cu6 N3 O30)n,True
PCN-426(Ni),NIST-MATDB-584a72dee7b6cc76fd632bc09dd3cf00,YABHER,10.1107/s205252061501584x,(C32 H26 Cu2 O10)n,True,(C32 H26 Cu2 O10)n,True
PCN-426(Ni),NIST-MATDB-584a72dee7b6cc76fd632bc09dd3cf00,YABHIV,10.1107/s205252061501584x,"(C32 H36 Ni3 O16)n,0.17(Ni1)",True,"(C32 H36 Ni3 O16)n,0.17(Ni1)",True
PCN-46,NIST-MATDB-827b138fa44b70a8964cf903faba3b56,LUYHAP,10.1039/c002767g,"(C20 H10 Cu2 O10)n,10n(C4 H9 N1 O1),4n(H2 O1)",True,"(C20 H10 Cu2 O10)n,10n(C4 H9 N1 O1),4n(H2 O1)",True
PCN-922,NIST-MATDB-fc265689c54225224adc9164b40aab27,LEQBUG,10.1021/ic3019937,(C78 H72 N4 O20 Zn4)n,True,(C78 H72 N4 O20 Zn4)n,True
PCN-922,NIST-MATDB-fc265689c54225224adc9164b40aab27,LEQCAN,10.1021/ic3019937,(C70 H56 Cu4 N4 O20)n,True,(C70 H56 Cu4 N4 O20)n,True
RIWMUH,NIST-MATDB-7aa55c489dc601427d2284941975fbde,RIWMUH,10.1039/c3ce41428k,(C16 H14 Cu1 O7)n,False,(C16 H14 Cu1 O7)n,False
RIWMUH,NIST-MATDB-7aa55c489dc601427d2284941975fbde,RIWNAO,10.1039/c3ce41428k,"(C64 H48 Cd3 Na1 O24 1-)2n,n(C32 H24 Cd1 O12 2-),4n(C2 H8 N1 1+),2n(C3 H7 N1 O1),9n(H2 O1),17n(C2 H7 N1)",True,"(C64 H48 Cd3 Na1 O24 1-)2n,n(C32 H24 Cd1 O12 2-),4n(C2 H8 N1 1+),2n(C3 H7 N1 O1),9n(H2 O1),17n(C2 H7 N1)",True
RIWMUH,NIST-MATDB-7aa55c489dc601427d2284941975fbde,RIWQIZ,10.1039/c3ce41428k,(C38 H46 N2 Ni2 O18)n,False,(C38 H46 N2 Ni2 O18)n,False
RIWMUH,NIST-MATDB-7aa55c489dc601427d2284941975fbde,RIWQOF,10.1039/c3ce41428k,(C19 H19 Mn1 N1 O7)n,True,(C19 H19 Mn1 N1 O7)n,True
ROD-8a,NIST-MATDB-c750312180598dce5e7e8761b750f6ab,CODVAU,10.1039/c4ce00279b,"(C44 H26 Cd2 O10)n,n(C3 H7 N1 O1)",True,"(C44 H26 Cd2 O10)n,n(C3 H7 N1 O1)",True
SDU-1,NIST-MATDB-02fa0a686d30d0daa41b039b888c529d,XIJJEH,10.1039/c3nj00700f,(C132 H116 Co14 O70)n,True,(C132 H116 Co14 O70)n,True
SION-8F,NIST-MATDB-687f25a29623ab549e5fc350a806ffa3,XIXCIT,10.1021/acsami.8b13362,"(C44 H26 Ca2 O10)n,2(C3 H7 N1 O1)",True,"(C44 H26 Ca2 O10)n,2(C3 H7 N1 O1)",True
SION-8P,NIST-MATDB-b08b57714fc45ecc681b731bbb139c0f,XIXCIT,10.1021/acsami.8b13362,"(C44 H26 Ca2 O10)n,2(C3 H7 N1 O1)",True,"(C44 H26 Ca2 O10)n,2(C3 H7 N1 O1)",True
SNIFSIX-1-Cu,NIST-MATDB-bdb797f19c024205bbb7dbee45ecabab,PETWES,10.1039/c3cc37695h,(C20 H16 Cu1 F6 N4 Sn1)n,True,(C20 H16 Cu1 F6 N4 Sn1)n,True
SNIFSIX-1-Cu,NIST-MATDB-bdb797f19c024205bbb7dbee45ecabab,PETWIW,10.1039/c3cc37695h,(C20 H16 Cu1 F6 N4 Ti1)n,True,(C20 H16 Cu1 F6 N4 Ti1)n,True
SNU-110',NIST-MATDB-26ee3aefd50411b7c51dc126cd95d6bb,WEBREC,10.1039/c2cc34482c,"(C50 H32 N2 O12 Zn2)n,2n(C3 H7 N1 O1)",True,"(C50 H32 N2 O12 Zn2)n,2n(C3 H7 N1 O1)",True
SNU-15',NIST-MATDB-aa90a2ba1cfd1d542eb3594f766417d3,COZMUA,10.1039/b900085b,"(C29 H24 Co2 O12)n,6.5n(C3 H7 N1 O1),5.5n(H2 O1)",True,"(C29 H24 Co2 O12)n,6.5n(C3 H7 N1 O1),5.5n(H2 O1)",True
SNU-150',NIST-MATDB-87409b8f4e7dd582708197939def2994,DIRPIF,10.1002/chem.201303086,"(C4 H12 N1 1+)2n,n(C142 H94 N6 O26 Zn5 2-),8n(C5 H11 N1 O1),6n(H2 O1)",True,"(C4 H12 N1 1+)2n,n(C142 H94 N6 O26 Zn5 2-),8n(C5 H11 N1 O1),6n(H2 O1)",True
SNU-150',NIST-MATDB-87409b8f4e7dd582708197939def2994,DIRPOL,10.1002/chem.201303086,(C66 H36 N2 O13 Zn4)n,True,(C66 H36 N2 O13 Zn4)n,True
SNU-150',NIST-MATDB-87409b8f4e7dd582708197939def2994,DIRPUR,10.1002/chem.201303086,"(C66 H36 N2 O13 Zn4)n,10n(C4 H9 N1 O1),7n(H2 O1)",True,"(C66 H36 N2 O13 Zn4)n,10n(C4 H9 N1 O1),7n(H2 O1)",True
SNU-151',NIST-MATDB-e33038a31023858d56e771675539401d,DIRPIF,10.1002/chem.201303086,"(C4 H12 N1 1+)2n,n(C142 H94 N6 O26 Zn5 2-),8n(C5 H11 N1 O1),6n(H2 O1)",True,"(C4 H12 N1 1+)2n,n(C142 H94 N6 O26 Zn5 2-),8n(C5 H11 N1 O1),6n(H2 O1)",True
SNU-151',NIST-MATDB-e33038a31023858d56e771675539401d,DIRPOL,10.1002/chem.201303086,(C66 H36 N2 O13 Zn4)n,True,(C66 H36 N2 O13 Zn4)n,True
SNU-151',NIST-MATDB-e33038a31023858d56e771675539401d,DIRPUR,10.1002/chem.201303086,"(C66 H36 N2 O13 Zn4)n,10n(C4 H9 N1 O1),7n(H2 O1)",True,"(C66 H36 N2 O13 Zn4)n,10n(C4 H9 N1 O1),7n(H2 O1)",True
SNU-21H,NIST-MATDB-6853463892c58fa717af9cbfb228f048,EPOTAF,10.1039/c0cc05199c,"(C33 H28 Cu2 O14)n,7n(C3 H7 N1 O1),3n(C4 H8 O2),n(C1 H4 O1)",True,"(C33 H28 Cu2 O14)n,7n(C3 H7 N1 O1),3n(C4 H8 O2),n(C1 H4 O1)",True
SNU-21S,NIST-MATDB-5b2f2fe36d08c935b34cbe0368bb90af,EPOTAF,10.1039/c0cc05199c,"(C33 H28 Cu2 O14)n,7n(C3 H7 N1 O1),3n(C4 H8 O2),n(C1 H4 O1)",True,"(C33 H28 Cu2 O14)n,7n(C3 H7 N1 O1),3n(C4 H8 O2),n(C1 H4 O1)",True
SNU-30',NIST-MATDB-1dee7f17d4304cd2f5c200de12a5335f,VAGMAT,10.1002/chem.201001549,"(C40 H28 N2 O10 Zn2)n,30n(C3 H7 N1 O1),6n(H2 O1)",True,"(C40 H28 N2 O10 Zn2)n,30n(C3 H7 N1 O1),6n(H2 O1)",True
SNU-30',NIST-MATDB-1dee7f17d4304cd2f5c200de12a5335f,VAGMEX,10.1002/chem.201001549,"(C40 H28 N2 O10 Zn2)n,23n(C5 H11 N1 O1)",True,"(C40 H28 N2 O10 Zn2)n,23n(C5 H11 N1 O1)",True
SNU-30',NIST-MATDB-1dee7f17d4304cd2f5c200de12a5335f,VAGMIB,10.1002/chem.201001549,"(C52 H32 N8 O8 Zn2)n,20n(C2 H3 N1),5n(H2 O1)",True,"(C52 H32 N8 O8 Zn2)n,20n(C2 H3 N1),5n(H2 O1)",True
SNU-30',NIST-MATDB-1dee7f17d4304cd2f5c200de12a5335f,VAGMIB01,10.1002/chem.201001549,"(C52 H32 N8 O8 Zn2)n,20n(C2 H3 N1),5n(H2 O1)",False,"(C52 H32 N8 O8 Zn2)n,20n(C2 H3 N1),5n(H2 O1)",False
SNU-30',NIST-MATDB-1dee7f17d4304cd2f5c200de12a5335f,VAGMOH,10.1002/chem.201001549,"(C52 H32 N8 O8 Zn2)n,23n(C3 H7 N1 O1),4n(H2 O1)",True,"(C52 H32 N8 O8 Zn2)n,23n(C3 H7 N1 O1),4n(H2 O1)",True
SNU-6,NIST-MATDB-86d483a91dc5a2b434015c98e972aad0,HOHMEX,10.1002/chem.200801064,"(C40 H24 Cu2 N2 O10)n,8n(C3 H7 N1 O1),6n(H2 O1)",True,"(C40 H24 Cu2 N2 O10)n,8n(C3 H7 N1 O1),6n(H2 O1)",True
SNU-6,NIST-MATDB-86d483a91dc5a2b434015c98e972aad0,HOHMIB,10.1002/chem.200801064,"(C36 H28 N2 O10 Zn2)n,13n(C3 H7 N1 O1),3n(H2 O1)",True,"(C36 H28 N2 O10 Zn2)n,13n(C3 H7 N1 O1),3n(H2 O1)",True
SNU-6,NIST-MATDB-86d483a91dc5a2b434015c98e972aad0,ROGMEG,10.1002/chem.200801064,"(C36 H28 N2 O10 Zn2)n,6n(C6 H14),3n(H2 O1)",True,"(C36 H28 N2 O10 Zn2)n,6n(C6 H14),3n(H2 O1)",True
SNU-70',NIST-MATDB-01b001eeeae512912967a14764e486df,GEBPAG,10.1002/chem.201200456,"(C30 H24 O13 Zn4)n,6n(C5 H11 N1 O1),n(H2 O1)",True,"(C30 H24 O13 Zn4)n,6n(C5 H11 N1 O1),n(H2 O1)",True
SNU-70',NIST-MATDB-01b001eeeae512912967a14764e486df,GEBPEK,10.1002/chem.201200456,"(C30 H18 O13 Zn4)n,13n(C5 H11 N1 O1),2n(H2 O1)",True,"(C30 H18 O13 Zn4)n,13n(C5 H11 N1 O1),2n(H2 O1)",True
SNU-71',NIST-MATDB-98b4630d872ab5d38b0d06707cc4834f,GEBPAG,10.1002/chem.201200456,"(C30 H24 O13 Zn4)n,6n(C5 H11 N1 O1),n(H2 O1)",True,"(C30 H24 O13 Zn4)n,6n(C5 H11 N1 O1),n(H2 O1)",True
SNU-71',NIST-MATDB-98b4630d872ab5d38b0d06707cc4834f,GEBPEK,10.1002/chem.201200456,"(C30 H18 O13 Zn4)n,13n(C5 H11 N1 O1),2n(H2 O1)",True,"(C30 H18 O13 Zn4)n,13n(C5 H11 N1 O1),2n(H2 O1)",True
SNU-77H,NIST-MATDB-933325db10a6a6b755a95edef601a3d9,UWAFOO,10.1002/chem.201003376,"(C78 H48 N2 O13 Zn4)n,19n(C4 H9 N1 O1),4n(H2 O1)",True,"(C78 H48 N2 O13 Zn4)n,19n(C4 H9 N1 O1),4n(H2 O1)",True
SNU-77H,NIST-MATDB-933325db10a6a6b755a95edef601a3d9,UWAFUU,10.1002/chem.201003376,"(C78 H48 N2 O13 Zn4)n,14n(C7 H8),3n(H2 O1)",True,"(C78 H48 N2 O13 Zn4)n,14n(C7 H8),3n(H2 O1)",True
SNU-77H,NIST-MATDB-933325db10a6a6b755a95edef601a3d9,UWAGAB,10.1002/chem.201003376,(C78 H48 N2 O13 Zn4)n,True,(C78 H48 N2 O13 Zn4)n,True
SNU-77H,NIST-MATDB-933325db10a6a6b755a95edef601a3d9,UWAGAB01,10.1002/chem.201003376,(C78 H48 N2 O13 Zn4)n,False,(C78 H48 N2 O13 Zn4)n,False
SNU-77H,NIST-MATDB-933325db10a6a6b755a95edef601a3d9,UWAGAB02,10.1002/chem.201003376,(C78 H48 N2 O13 Zn4)n,False,(C78 H48 N2 O13 Zn4)n,False
SNU-77H,NIST-MATDB-933325db10a6a6b755a95edef601a3d9,UWAGAB03,10.1002/chem.201003376,(C78 H48 N2 O13 Zn4)n,False,(C78 H48 N2 O13 Zn4)n,False
SNU-77H,NIST-MATDB-933325db10a6a6b755a95edef601a3d9,UWAGAB04,10.1002/chem.201003376,(C78 H48 N2 O13 Zn4)n,False,(C78 H48 N2 O13 Zn4)n,False
SNU-77H,NIST-MATDB-933325db10a6a6b755a95edef601a3d9,UWAGAB05,10.1002/chem.201003376,(C78 H48 N2 O13 Zn4)n,True,(C78 H48 N2 O13 Zn4)n,True
SNU-77H,NIST-MATDB-933325db10a6a6b755a95edef601a3d9,UWAGAB06,10.1002/chem.201003376,(C78 H48 N2 O13 Zn4)n,True,(C78 H48 N2 O13 Zn4)n,True
TIFSIX-1-Cu,NIST-MATDB-9fa2aeb983bbdf159afd36f8462a9c4e,PETWES,10.1039/c3cc37695h,(C20 H16 Cu1 F6 N4 Sn1)n,True,(C20 H16 Cu1 F6 N4 Sn1)n,True
TIFSIX-1-Cu,NIST-MATDB-9fa2aeb983bbdf159afd36f8462a9c4e,PETWIW,10.1039/c3cc37695h,(C20 H16 Cu1 F6 N4 Ti1)n,True,(C20 H16 Cu1 F6 N4 Ti1)n,True
Tb-fum-fcu-MOF,NIST-MATDB-16d2ea75949f753ebc0daffccae0ed52,ZAFWUB,10.1002/anie.201506345,"(C24 H20 O32 Tb6 1-)n,n(C2 H8 N1 1+),6n(H2 O1),5n(C3 H7 N1 O1)",True,"(C24 H20 O32 Tb6 1-)n,n(C2 H8 N1 1+),6n(H2 O1),5n(C3 H7 N1 O1)",True
Tb-fum-fcu-MOF,NIST-MATDB-16d2ea75949f753ebc0daffccae0ed52,ZAFXAI,10.1002/anie.201506345,"(C24 H32 O38 Y6 1-)n,n(C2 H8 N1 1+),5n(C3 H7 N1 O1)",True,"(C24 H32 O38 Y6 1-)n,n(C2 H8 N1 1+),5n(C3 H7 N1 O1)",True
TbL,NIST-MATDB-1912fa97c73af69dfe5371cbe82e983a,MUNLUE,10.1039/c5ta00720h,"(C2 H8 N1 1+)n,n(C52 H25 N9 O20 Tb3 1-),n(C3 H7 N1 O1),15n(H2 O1)",True,"(C2 H8 N1 1+)n,n(C52 H25 N9 O20 Tb3 1-),n(C3 H7 N1 O1),15n(H2 O1)",True
Treated (Et2NH2)3[(Cu4Cl)3(TTCA)8]-Li,NIST-MATDB-da43b060073a980438d25a3ba0006994,REGYOT,10.1039/c2cc35461f,"(C168 H72 Cl3 Cu12 O48 3-)n,26n(C5 H11 N1 O1),3n(C4 H12 N1 1+)",True,"(C168 H72 Cl3 Cu12 O48 3-)n,26n(C5 H11 N1 O1),3n(C4 H12 N1 1+)",True
UHM-7,NIST-MATDB-f7d7eceed263e0880a5a6c67d71df113,VEYREY,10.1039/c3ce40594j,"(C114 H92 Cu6 N4 O30 Si3)n,0.5n(H2 O1)",True,"(C114 H92 Cu6 N4 O30 Si3)n,0.5n(H2 O1)",True
UPC-12,NIST-MATDB-ccf53e01bcd6b814a7d7d7c4f772a2d4,DUXLEP,10.1021/acs.inorgchem.5b01232,(C22 H16 N2 O12 Zn2)n,True,(C22 H16 N2 O12 Zn2)n,True
UPC-15,NIST-MATDB-03f9473057f5626f6df1c44e73eee0ef,HUMWET,10.1002/asia.201500234,"(H3 O1 1+)3n,n(C264 H288 B8 Cl3 Mn12 O48 3-),2.5n(C3 H7 N1 O1),5n(C4 H8 O2),27n(H2 O1)",True,"(H3 O1 1+)3n,n(C264 H288 B8 Cl3 Mn12 O48 3-),2.5n(C3 H7 N1 O1),5n(C4 H8 O2),27n(H2 O1)",True
UPC-15,NIST-MATDB-03f9473057f5626f6df1c44e73eee0ef,HUMWIX,10.1002/asia.201500234,"(H3 O1 1+)3n,n(C264 H288 B8 Cl3 Cu10 Mn2 O48 3-),9n(C3 H7 N1 O1),4n(C4 H8 O2),27n(H2 O1)",True,"(H3 O1 1+)3n,n(C264 H288 B8 Cl3 Cu10 Mn2 O48 3-),9n(C3 H7 N1 O1),4n(C4 H8 O2),27n(H2 O1)",True
UPC-16,NIST-MATDB-14f3ffc3d84e59e4b3bf32cb031ca550,HUMWET,10.1002/asia.201500234,"(H3 O1 1+)3n,n(C264 H288 B8 Cl3 Mn12 O48 3-),2.5n(C3 H7 N1 O1),5n(C4 H8 O2),27n(H2 O1)",True,"(H3 O1 1+)3n,n(C264 H288 B8 Cl3 Mn12 O48 3-),2.5n(C3 H7 N1 O1),5n(C4 H8 O2),27n(H2 O1)",True
UPC-16,NIST-MATDB-14f3ffc3d84e59e4b3bf32cb031ca550,HUMWIX,10.1002/asia.201500234,"(H3 O1 1+)3n,n(C264 H288 B8 Cl3 Cu10 Mn2 O48 3-),9n(C3 H7 N1 O1),4n(C4 H8 O2),27n(H2 O1)",True,"(H3 O1 1+)3n,n(C264 H288 B8 Cl3 Cu10 Mn2 O48 3-),9n(C3 H7 N1 O1),4n(C4 H8 O2),27n(H2 O1)",True
UTSA-15,NIST-MATDB-e5386297edab94b5a9ac0f1117e071f3,UWUQEJ,10.1021/ic102347b,"(C18 H12 Cu1 N2 O5)n,0.5n(C3 H7 N1 O1),1.2n(H2 O1)",True,"(C18 H12 Cu1 N2 O5)n,0.5n(C3 H7 N1 O1),1.2n(H2 O1)",True
UTSA-25A,NIST-MATDB-0ef03e911f4cd3d3e376e3f54b728a44,OVUVIL,10.1002/ejic.201100034,"(C22 H20 N2 O10 Zn2)n,4n(C3 H7 N1 O1),n(H2 O1)",True,"(C22 H20 N2 O10 Zn2)n,4n(C3 H7 N1 O1),n(H2 O1)",True
UTSA-33a,NIST-MATDB-595990fd285c5478047fd2f16f7f3be3,TATPOV,10.1002/chem.201102734,"(C38 H22 O20 Zn4)n,2n(C4 H9 N1 O1)",True,"(C38 H22 O20 Zn4)n,2n(C4 H9 N1 O1)",True
UTSA-36a,NIST-MATDB-148bf92e876591b367272f179fd6810e,UWUTIQ,10.1002/chem.201100350,"(C32 H20 N2 O8 Zn2)n,3n(C3 H7 N1 O1),4n(H2 O1)",False,"(C32 H20 N2 O8 Zn2)n,3n(C3 H7 N1 O1),4n(H2 O1)",False
UTSA-40,NIST-MATDB-59f19acd1afc50835c8dcdedacfbb39e,LEVDIB,10.1039/c2ta01260j,"(C40 H28 Cl2 Cu2 O12)n,6n(C3 H7 N1 O1),2n(H2 O1)",True,"(C40 H28 Cl2 Cu2 O12)n,6n(C3 H7 N1 O1),2n(H2 O1)",True
UTSA-48a,NIST-MATDB-e49df279a7d2f86005c20fab4fb2d2e1,GIKPIB,10.1021/cg4004438,"(C22 H18 Cu1 F6 N6 O2 Si1)n,12n(H2 O1),2n(C2 H6 O1)",True,"(C22 H18 Cu1 F6 N6 O2 Si1)n,12n(H2 O1),2n(C2 H6 O1)",True
UTSA-57a,NIST-MATDB-2d25531dab4bccac4af1b6e13fe962fd,DOZCEC,10.1021/ic502116k,"(C96 H56 Cl1 Mn6 N40 O4 1+)n,0.5n(Mn1 2+),2n(Cl1 1-),20n(C5 H11 N1 O1),18n(C1 H4 O1),12n(H2 O1)",True,"(C96 H56 Cl1 Mn6 N40 O4 1+)n,0.5n(Mn1 2+),2n(Cl1 1-),20n(C5 H11 N1 O1),18n(C1 H4 O1),12n(H2 O1)",True
UTSA-61a,NIST-MATDB-1486234dc0e4c1f6b29297b372062cbe,ZIJSAO,10.1039/c3ce41062e,"(C132 H78 O27 Tb3 3-)n,3n(C2 H8 N1 1+),48n(C4 H9 N1 O1)",True,"(C132 H78 O27 Tb3 3-)n,3n(C2 H8 N1 1+),48n(C4 H9 N1 O1)",True
UTSA-72a,NIST-MATDB-87df8c190af0b5a382312b8a4fd78f2a,XOKQUL,10.1021/cg500235j,"(C50 H36 N2 O10 Zn2)n,4n(C3 H7 N1 O1),2n(H2 O1)",False,"(C50 H36 N2 O10 Zn2)n,4n(C3 H7 N1 O1),2n(H2 O1)",False
UiO(bdpc),NIST-MATDB-554de36b7f2f656529c27910955ec14f,XIVTED,10.1039/c3cc48275h,(C36 H18 N6 O16 Zr3)n,True,(C36 H18 N6 O16 Zr3)n,True
XUBGUY,NIST-MATDB-ae6cf6f755f5519f6e8ce2c3cda5fdeb,XUBGUY,10.1039/c5dt00421g,(C28 H24 O16 Si1 Zr3)n,True,(C28 H24 O16 Si1 Zr3)n,True
Y-ftw-MOF-2,NIST-MATDB-0fda178e19926b1dd1cb87d13b6c9b8f,LUHVUH,10.1039/c5sc00614g,"(C114 H98 O50 Y6 2-)n,n(H2 O1),2n(C2 H8 N1 1+)",True,"(C114 H98 O50 Y6 2-)n,n(H2 O1),2n(C2 H8 N1 1+)",True
Y-ftw-MOF-2,NIST-MATDB-0fda178e19926b1dd1cb87d13b6c9b8f,LUHWAO,10.1039/c5sc00614g,"(C276 H180 O76 Y12 4-)n,4n(C2 H8 N1 1+)",True,"(C276 H180 O76 Y12 4-)n,4n(C2 H8 N1 1+)",True
Y-ftw-MOF-2,NIST-MATDB-0fda178e19926b1dd1cb87d13b6c9b8f,LUHWES,10.1039/c5sc00614g,"(C324 H156 O64 Y12 4-)n,4n(C2 H8 N1 1+)",True,"(C324 H156 O64 Y12 4-)n,4n(C2 H8 N1 1+)",True
Y-fum-fcu-MOF,NIST-MATDB-29da3034f56a3f314e86df224086cae2,ZAFWUB,10.1002/anie.201506345,"(C24 H20 O32 Tb6 1-)n,n(C2 H8 N1 1+),6n(H2 O1),5n(C3 H7 N1 O1)",True,"(C24 H20 O32 Tb6 1-)n,n(C2 H8 N1 1+),6n(H2 O1),5n(C3 H7 N1 O1)",True
Y-fum-fcu-MOF,NIST-MATDB-29da3034f56a3f314e86df224086cae2,ZAFXAI,10.1002/anie.201506345,"(C24 H32 O38 Y6 1-)n,n(C2 H8 N1 1+),5n(C3 H7 N1 O1)",True,"(C24 H32 O38 Y6 1-)n,n(C2 H8 N1 1+),5n(C3 H7 N1 O1)",True
Yb(BPT)(H2O)*(DMF)1.5(H2O)1.25,NIST-MATDB-1463164fd412775c8f1cd0ae9fdd734c,OQETEK,10.1039/c1cc10897b,(C15 H9 O7 Yb1)n,True,(C15 H9 O7 Yb1)n,True
ZIF-20,NIST-MATDB-e5274e4593c333f3a4b452a6ef524d31,MIHHAN,10.1038/nmat1927,"(C20 H12 N16 Zn2)n,8.8n(H2 O1)",True,"(C20 H12 N16 Zn2)n,8.8n(H2 O1)",True
ZIF-20,NIST-MATDB-e5274e4593c333f3a4b452a6ef524d31,MIHHER,10.1038/nmat1927,"(C20 H12 Co2 N16)n,8.8n(H2 O1)",True,"(C20 H12 Co2 N16)n,8.8n(H2 O1)",True
ZIF-20,NIST-MATDB-e5274e4593c333f3a4b452a6ef524d31,MIHHIV,10.1038/nmat1927,"(C24 H16 N12 Zn2)n,8.33n(H2 O1)",True,"(C24 H16 N12 Zn2)n,8.33n(H2 O1)",True
ZIF-20,NIST-MATDB-e5274e4593c333f3a4b452a6ef524d31,MIHHOB,10.1038/nmat1927,(C12 H8 N6 Zn1)n,False,(C12 H8 N6 Zn1)n,False
ZJNU-40a,NIST-MATDB-845fde624acb62234c0a8be05212db5a,HOJJUN,10.1039/c4cc05833j,"(C22 H12 Cu2 N2 O10 S1)n,4n(C5 H11 N1 O1),6n(H2 O1)",True,"(C22 H12 Cu2 N2 O10 S1)n,4n(C5 H11 N1 O1),6n(H2 O1)",True
ZJNU-47a,NIST-MATDB-08faa42ac9a9895edc206b09e9805342,BUPDOH,10.1039/c5dt02089a,(C20 H12 Cu2 N2 O10)n,True,(C20 H12 Cu2 N2 O10)n,True
ZJNU-54a,NIST-MATDB-c960339ae404ff0d9b08dfb1addb9108,ERIWAF,10.1039/c6dt02150f,"(C20 H13 Cu2 N3 O10)n,5(C3 H7 N1 O1),H2 O1",True,"(C20 H13 Cu2 N3 O10)n,5(C3 H7 N1 O1),H2 O1",True
ZJU-26,NIST-MATDB-e2461692eb8044ca4c48fea02c5f096c,MOKVOZ,10.1016/j.micromeso.2013.07.019,(C30 H18 Cu2 O10)n,True,(C30 H18 Cu2 O10)n,True
ZJU-31a,NIST-MATDB-5fee9a23ff456bc1904034f8ccd4dd08,HUNCIE,10.1021/acs.cgd.5b00675,"(C48 H34 Cu2 O12)n,18n(C4 H9 N1 O1),19n(H2 O1)",True,"(C48 H34 Cu2 O12)n,18n(C4 H9 N1 O1),19n(H2 O1)",True
ZJU-8a,NIST-MATDB-62e7a8f42d4e7a6d5367646f760058d1,FUWQIZ,10.1039/c5ra12700a,(C22 H15 Cu2 N1 O10)n,True,(C22 H15 Cu2 N1 O10)n,True
ZNJU-60a,NIST-MATDB-904236b98230f0b2ab89197a724e35b9,AHOLAM,10.1039/c5ce00930h,(C42 H30 Cu3 N3 O21 P3)n,True,(C42 H30 Cu3 N3 O21 P3)n,True
Zn(BDC)(BPY) 0.5,NIST-MATDB-d049583f6d607e59dc804c4029176dcb,QAVWAN,10.1002/adfm.201101479,"(C36 H24 N2 O8 Zn2)n,2n(C3 H7 N1 O1)",True,"(C36 H24 N2 O8 Zn2)n,2n(C3 H7 N1 O1)",True
Zn(BDC)(DABCO)0.5,NIST-MATDB-a802c8f06888bfc869dfc25af5ada337,OVUVIL,10.1002/ejic.201100034,"(C22 H20 N2 O10 Zn2)n,4n(C3 H7 N1 O1),n(H2 O1)",True,"(C22 H20 N2 O10 Zn2)n,4n(C3 H7 N1 O1),n(H2 O1)",True
Zn(BDC)(DMBPY) 0.5,NIST-MATDB-655315f090663b4723680a6683f06403,QAVWAN,10.1002/adfm.201101479,"(C36 H24 N2 O8 Zn2)n,2n(C3 H7 N1 O1)",True,"(C36 H24 N2 O8 Zn2)n,2n(C3 H7 N1 O1)",True
Zn(II) MOF 1',NIST-MATDB-950f09527c0aad44bb3737a770eb6414,MIGXEI,10.1021/acssuschemeng.7b02087,(C26 H18 N4 O8 Zn2)n,True,(C26 H18 N4 O8 Zn2)n,True
Zn(II) MOF 1',NIST-MATDB-950f09527c0aad44bb3737a770eb6414,MIGXIM,10.1021/acssuschemeng.7b02087,(C26 H18 N6 O8 Zn2)n,True,(C26 H18 N6 O8 Zn2)n,True
Zn(II) MOF 1',NIST-MATDB-950f09527c0aad44bb3737a770eb6414,MIGXOS,10.1021/acssuschemeng.7b02087,(C28 H20 N4 O8 Zn2)n,True,(C28 H20 N4 O8 Zn2)n,True
Zn(II) MOF 2',NIST-MATDB-8241748c6ad52d05c80ec79ca6572f15,MIGXEI,10.1021/acssuschemeng.7b02087,(C26 H18 N4 O8 Zn2)n,True,(C26 H18 N4 O8 Zn2)n,True
Zn(II) MOF 2',NIST-MATDB-8241748c6ad52d05c80ec79ca6572f15,MIGXIM,10.1021/acssuschemeng.7b02087,(C26 H18 N6 O8 Zn2)n,True,(C26 H18 N6 O8 Zn2)n,True
Zn(II) MOF 2',NIST-MATDB-8241748c6ad52d05c80ec79ca6572f15,MIGXOS,10.1021/acssuschemeng.7b02087,(C28 H20 N4 O8 Zn2)n,True,(C28 H20 N4 O8 Zn2)n,True
Zn(II)-MOF [Zn(HPylmDC)(DMA)]n,NIST-MATDB-e788f40ad7a33abe049ca098ed6ee980,HOFSUS,10.1039/c4dt00307a,(C14 H14 N4 O5 Zn1)n,False,(C14 H14 N4 O5 Zn1)n,False
Zn(NDC)(BPY) 0.5,NIST-MATDB-b16ee19c4a2d5d7d2f7e09cb7263392f,QAVWAN,10.1002/adfm.201101479,"(C36 H24 N2 O8 Zn2)n,2n(C3 H7 N1 O1)",True,"(C36 H24 N2 O8 Zn2)n,2n(C3 H7 N1 O1)",True
Zn(NDC)(DMBPY) 0.5,NIST-MATDB-8fad47f65fa08c7ac5157aa92c218b1d,QAVWAN,10.1002/adfm.201101479,"(C36 H24 N2 O8 Zn2)n,2n(C3 H7 N1 O1)",True,"(C36 H24 N2 O8 Zn2)n,2n(C3 H7 N1 O1)",True
Zn(bdc)(ted)0.5,NIST-MATDB-6fd1bd97a5b2289108bee3430b51618c,IWAHUK,10.1002/chem.201002818,"(C22 H20 N2 O10 Zn2)n,3n(C3 H7 N1 O1),0.6n(H2 O1)",True,"(C22 H20 N2 O10 Zn2)n,3n(C3 H7 N1 O1),0.6n(H2 O1)",True
Zn2C14N2O8H4,NIST-MATDB-c235e2b9f0e0f3949e37b5ac3054f2ec,HENYUV,10.1021/ja060946u,"(C14 H4 N2 O8 Zn2)n,4n(H2 O1)",False,"(C14 H4 N2 O8 Zn2)n,4n(H2 O1)",False
Zn2C14N2O8H4,NIST-MATDB-c235e2b9f0e0f3949e37b5ac3054f2ec,HESVOR,10.1021/ja060946u,"(C14 H4 N2 O8 Zn2)n,n(H2 O1)",True,"(C14 H4 N2 O8 Zn2)n,n(H2 O1)",True
Zn3(TCPB)2(H2O)2,NIST-MATDB-50f70ae705dac74976f4c6867d15233c,ZESQIZ01,10.1039/c3dt50896j,(C54 H34 O20 Zn3)n,True,(C54 H34 O20 Zn3)n,True
"[(CH3)2NH2]2[Eu3+(μ3-OH)8(1,4-NDC)6(H2O)6]*(solv)x",NIST-MATDB-10188bc34b1d9326db77929d959958ad,HUHZER,10.1021/ja5131403,"(C2 H8 N1 1+)n,n(C36 H28 O19 Y3 1-)",True,"(C2 H8 N1 1+)n,n(C36 H28 O19 Y3 1-)",True
"[(CH3)2NH2]2[Eu3+(μ3-OH)8(1,4-NDC)6(H2O)6]*(solv)x",NIST-MATDB-10188bc34b1d9326db77929d959958ad,HUHZIV,10.1021/ja5131403,"(C2 H8 N1 1+)n,n(C36 H28 Eu3 O19 1-)",True,"(C2 H8 N1 1+)n,n(C36 H28 Eu3 O19 1-)",True
[(Ni^II)2Ni^III(mu3-OH)(IN)3(BDC)1.5],NIST-MATDB-de77b5c616dafaad94624e8976ca2948,AXUBOL,10.1021/cg200579j,"(C120 H76 N12 Ni12 O52)n,8n(H2 O1)",True,"(C120 H76 N12 Ni12 O52)n,8n(H2 O1)",True
[Cd2(azpy)3(NO3)4]*2Me2CO,NIST-MATDB-43b868bd1fb59e62aadeb8eb81b84244,REBTIB,10.1021/cm990612m,"(C10 H12 Mn1 N6 O8)n,2n(C2 H6 O1)",False,"(C10 H12 Mn1 N6 O8)n,2n(C2 H6 O1)",False
[Cd2(azpy)3(NO3)4]*2Me2CO,NIST-MATDB-43b868bd1fb59e62aadeb8eb81b84244,REBWUQ,10.1021/cm990612m,"(C30 H24 Co2 N16 O12)n,n(C3 H6 O1),3n(H2 O1)",False,"(C30 H24 Co2 N16 O12)n,n(C3 H6 O1),3n(H2 O1)",False
[Cd2(azpy)3(NO3)4]*2Me2CO,NIST-MATDB-43b868bd1fb59e62aadeb8eb81b84244,REBZIH,10.1021/cm990612m,"(C44 H32 Co2 N20 S4)n,n(C2 H6 O1)",True,"(C44 H32 Co2 N20 S4)n,n(C2 H6 O1)",True
[Cd2(azpy)3(NO3)4]*2Me2CO,NIST-MATDB-43b868bd1fb59e62aadeb8eb81b84244,RECLOA,10.1021/cm990612m,"(C20 H16 Cd1 N10 O6)n,n(C10 H8 N4)",False,"(C20 H16 Cd1 N10 O6)n,n(C10 H8 N4)",False
[Cd2(azpy)3(NO3)4]*2Me2CO,NIST-MATDB-43b868bd1fb59e62aadeb8eb81b84244,RECMAN,10.1021/cm990612m,"(C30 H24 Cd2 N16 O12)n,2n(C3 H6 O1)",False,"(C30 H24 Cd2 N16 O12)n,2n(C3 H6 O1)",False
[Cd2(sdb)2(4-bpmh)2(H2O)]n.2n(H2O),NIST-MATDB-24eefc1403ea4f1e8c7e449cc9a93ddc,DUTKUA,10.1039/c5dt01976a,(C53 H40 Cd2 N8 O12 S2)n,False,(C53 H40 Cd2 N8 O12 S2)n,False
[Cd2(sdb)2(4-bpmh)2(H2O)]n.2n(H2O),NIST-MATDB-24eefc1403ea4f1e8c7e449cc9a93ddc,DUTLAH,10.1039/c5dt01976a,(C52 H36 Cd2 N8 O12 S2)n,False,(C52 H36 Cd2 N8 O12 S2)n,False
[Cd2(sdb)2-(3-bpmh)2]n.3n(H2O).n(C6H5NO),NIST-MATDB-5e01297acfd36cf450c51490f7fb4f30,DUTKUA,10.1039/c5dt01976a,(C53 H40 Cd2 N8 O12 S2)n,False,(C53 H40 Cd2 N8 O12 S2)n,False
[Cd2(sdb)2-(3-bpmh)2]n.3n(H2O).n(C6H5NO),NIST-MATDB-5e01297acfd36cf450c51490f7fb4f30,DUTLAH,10.1039/c5dt01976a,(C52 H36 Cd2 N8 O12 S2)n,False,(C52 H36 Cd2 N8 O12 S2)n,False
[Cd2L(H2O)]2*5H2O,NIST-MATDB-9420239d82db4174dac318d2f43463da,OQEPUW,10.1039/c1cc10990a,"(C19 H8 Cd2 F6 O9)n,2.5n(H2 O1)",True,"(C19 H8 Cd2 F6 O9)n,2.5n(H2 O1)",True
[Co(azpy)2(NCS)2]*0.5EtOH,NIST-MATDB-a3ef345291214fddc8ae98d58ad9a42e,REBTIB,10.1021/cm990612m,"(C10 H12 Mn1 N6 O8)n,2n(C2 H6 O1)",False,"(C10 H12 Mn1 N6 O8)n,2n(C2 H6 O1)",False
[Co(azpy)2(NCS)2]*0.5EtOH,NIST-MATDB-a3ef345291214fddc8ae98d58ad9a42e,REBWUQ,10.1021/cm990612m,"(C30 H24 Co2 N16 O12)n,n(C3 H6 O1),3n(H2 O1)",False,"(C30 H24 Co2 N16 O12)n,n(C3 H6 O1),3n(H2 O1)",False
[Co(azpy)2(NCS)2]*0.5EtOH,NIST-MATDB-a3ef345291214fddc8ae98d58ad9a42e,REBZIH,10.1021/cm990612m,"(C44 H32 Co2 N20 S4)n,n(C2 H6 O1)",True,"(C44 H32 Co2 N20 S4)n,n(C2 H6 O1)",True
[Co(azpy)2(NCS)2]*0.5EtOH,NIST-MATDB-a3ef345291214fddc8ae98d58ad9a42e,RECLOA,10.1021/cm990612m,"(C20 H16 Cd1 N10 O6)n,n(C10 H8 N4)",False,"(C20 H16 Cd1 N10 O6)n,n(C10 H8 N4)",False
[Co(azpy)2(NCS)2]*0.5EtOH,NIST-MATDB-a3ef345291214fddc8ae98d58ad9a42e,RECMAN,10.1021/cm990612m,"(C30 H24 Cd2 N16 O12)n,2n(C3 H6 O1)",False,"(C30 H24 Cd2 N16 O12)n,2n(C3 H6 O1)",False
[Co2(azpy)3(NO3)4]*Me2CO*3H2O,NIST-MATDB-50bd63cfdc6f3f77ba335058dfec9528,REBTIB,10.1021/cm990612m,"(C10 H12 Mn1 N6 O8)n,2n(C2 H6 O1)",False,"(C10 H12 Mn1 N6 O8)n,2n(C2 H6 O1)",False
[Co2(azpy)3(NO3)4]*Me2CO*3H2O,NIST-MATDB-50bd63cfdc6f3f77ba335058dfec9528,REBWUQ,10.1021/cm990612m,"(C30 H24 Co2 N16 O12)n,n(C3 H6 O1),3n(H2 O1)",False,"(C30 H24 Co2 N16 O12)n,n(C3 H6 O1),3n(H2 O1)",False
[Co2(azpy)3(NO3)4]*Me2CO*3H2O,NIST-MATDB-50bd63cfdc6f3f77ba335058dfec9528,REBZIH,10.1021/cm990612m,"(C44 H32 Co2 N20 S4)n,n(C2 H6 O1)",True,"(C44 H32 Co2 N20 S4)n,n(C2 H6 O1)",True
[Co2(azpy)3(NO3)4]*Me2CO*3H2O,NIST-MATDB-50bd63cfdc6f3f77ba335058dfec9528,RECLOA,10.1021/cm990612m,"(C20 H16 Cd1 N10 O6)n,n(C10 H8 N4)",False,"(C20 H16 Cd1 N10 O6)n,n(C10 H8 N4)",False
[Co2(azpy)3(NO3)4]*Me2CO*3H2O,NIST-MATDB-50bd63cfdc6f3f77ba335058dfec9528,RECMAN,10.1021/cm990612m,"(C30 H24 Cd2 N16 O12)n,2n(C3 H6 O1)",False,"(C30 H24 Cd2 N16 O12)n,2n(C3 H6 O1)",False
[Co2(ndc)2(bpy)],NIST-MATDB-1f9d4e4fac6d97c9f29f5f996ab9f08d,OHEQUP,10.1039/c5sc01796c,(C34 H20 Co2 N2 O8)n,True,(C34 H20 Co2 N2 O8)n,True
[Co2(ndc)2(bpy)],NIST-MATDB-1f9d4e4fac6d97c9f29f5f996ab9f08d,OHEQUP01,10.1039/c5sc01796c,(C34 H20 Co2 N2 O8)n,True,(C34 H20 Co2 N2 O8)n,True
[Co2(ndc)2(bpy)],NIST-MATDB-1f9d4e4fac6d97c9f29f5f996ab9f08d,OHEQUP02,10.1039/c5sc01796c,(C34 H20 Co2 N2 O8)n,True,(C34 H20 Co2 N2 O8)n,True
[Co2(ndc)2(bpy)],NIST-MATDB-1f9d4e4fac6d97c9f29f5f996ab9f08d,OHEQUP03,10.1039/c5sc01796c,(C34 H20 Co2 N2 O8)n,True,(C34 H20 Co2 N2 O8)n,True
[Co2(ndc)2(bpy)],NIST-MATDB-1f9d4e4fac6d97c9f29f5f996ab9f08d,OHEQUP04,10.1039/c5sc01796c,(C34 H20 Co2 N2 O8)n,True,(C34 H20 Co2 N2 O8)n,True
[Co2(ndc)2(bpy)],NIST-MATDB-1f9d4e4fac6d97c9f29f5f996ab9f08d,OHEQUP05,10.1039/c5sc01796c,(C34 H20 Co2 N2 O8)n,True,(C34 H20 Co2 N2 O8)n,True
[Co2(pbdc)2(bimb)0.5 (H2O)4 (DMF)0.25]n,NIST-MATDB-5590c3c50093f61b964a222927e97fce,LIDSEY01,10.1039/c4ta01900h,(C26 H20 N2 Ni2 O11)n,True,(C26 H20 N2 Ni2 O11)n,True
[Co2(pbdc)2(bimb)0.5 (H2O)4 (DMF)0.25]n,NIST-MATDB-5590c3c50093f61b964a222927e97fce,XOMCIN,10.1039/c4ta01900h,"(C87 H70 N8 Ni6 O32)n,4.5(C4 H9 N1 O1),2.5(H2 O1)",False,"(C87 H70 N8 Ni6 O32)n,4.5(C4 H9 N1 O1),2.5(H2 O1)",False
[Co2(pbdc)2(bimb)0.5 (H2O)4 (DMF)0.25]n,NIST-MATDB-5590c3c50093f61b964a222927e97fce,XOMCOT,10.1039/c4ta01900h,"(C62 H42 Co2 N10 O8)n,0.5n(C18 H14 N4)",True,"(C62 H42 Co2 N10 O8)n,0.5n(C18 H14 N4)",True
[Co2(pbdc)2(bimb)0.5 (H2O)4 (DMF)0.25]n,NIST-MATDB-5590c3c50093f61b964a222927e97fce,XOMCUZ,10.1039/c4ta01900h,"(C44 H28 N6 O8 Zn2)n,2(H2 O1)",True,"(C44 H28 N6 O8 Zn2)n,2(H2 O1)",True
[Co3(ndc)-(HCOO)3(mu3-OH)(H2O)]n,NIST-MATDB-30dd74c9be4b046c2076cd94dec7e267,CANYIB,10.1002/chem.201103687,(C16 H12 Co3 N1 O12)n,True,(C16 H12 Co3 N1 O12)n,True
[CoIII(dpzca)2Ag](BF4)2*2(H2O),NIST-MATDB-d5c5749551667c27553e89c492559bbe,HOWQER,10.1021/ic501876m,"(C20 H12 Ag1 Co1 N10 O4 2+)n,2(B1 F4 1-)",True,"(C20 H12 Ag1 Co1 N10 O4 2+)n,2(B1 F4 1-)",True
[CoIII(dpzca)2Ag](BF4)2*2(H2O),NIST-MATDB-d5c5749551667c27553e89c492559bbe,HOWQER01,10.1021/ic501876m,"(C20 H12 Ag1 Co1 N10 O4 2+)n,2(B1 F4 1-)",True,"(C20 H12 Ag1 Co1 N10 O4 2+)n,2(B1 F4 1-)",True
[CoIII(dpzca)2Ag](BF4)2*2(H2O),NIST-MATDB-d5c5749551667c27553e89c492559bbe,HOWQER02,10.1021/ic501876m,"(C20 H12 Ag1 Co1 N10 O4 2+)n,2(B1 F4 1-)",True,"(C20 H12 Ag1 Co1 N10 O4 2+)n,2(B1 F4 1-)",True
[CoIII(dpzca)2Ag](BF4)2*2(H2O),NIST-MATDB-d5c5749551667c27553e89c492559bbe,HOWQUH,10.1021/ic501876m,"(C20 H12 Ag1 Co1 N10 O4 2+)n,2(B1 F4 1-),2(H2 O1)",True,"(C20 H12 Ag1 Co1 N10 O4 2+)n,2(B1 F4 1-),2(H2 O1)",True
[CoIII(dpzca)2Ag](BF4)2*2(H2O),NIST-MATDB-d5c5749551667c27553e89c492559bbe,HOWRAO,10.1021/ic501876m,"(C20 H12 Ag1 N10 Ni1 O4 1+)n,0.5(C3 H6 O1),B1 F4 1-",True,"(C20 H12 Ag1 N10 Ni1 O4 1+)n,0.5(C3 H6 O1),B1 F4 1-",True
[Cu(BF4)2(bpp)2]n,NIST-MATDB-53e35057427decf192a1effd7d881922,XAFMEZ,10.1016/j.micromeso.2015.03.021,"(C26 H28 B2 Cu1 F8 N4)n,n(C4 H8 O1)",True,"(C26 H28 B2 Cu1 F8 N4)n,n(C4 H8 O1)",True
[Cu(Hoxonic)(bpy)0.5]n*1.5n,NIST-MATDB-b6e2482604ec86698407dee317093aad,GUPLAF,10.1002/chem.200902346,(C4 H3 Cu1 N3 O5)n,False,(C4 H3 Cu1 N3 O5)n,False
[Cu(Hoxonic)(bpy)0.5]n*1.5n,NIST-MATDB-b6e2482604ec86698407dee317093aad,GUPLEJ,10.1002/chem.200902346,"(C18 H10 Cu2 N8 O8)n,3n(H2 O1)",False,"(C18 H10 Cu2 N8 O8)n,3n(H2 O1)",False
[Cu(Hoxonic)(bpy)0.5]n*1.5n,NIST-MATDB-b6e2482604ec86698407dee317093aad,GUPLIN,10.1002/chem.200902346,(C18 H10 Cu2 N8 O8)n,False,(C18 H10 Cu2 N8 O8)n,False
[Cu(PF6)2(bpp)2]n PCP,NIST-MATDB-0e7c094b235c1abb777c8519c6ab4ba9,AQIXEF,10.1002/cplu.201500278,"(C26 H28 Cu1 N4 2+)n,2(C3 H6 O1),2(F6 P1 1-)",True,"(C26 H28 Cu1 N4 2+)n,2(C3 H6 O1),2(F6 P1 1-)",True
[Cu(pmc)2].2/3DMF,NIST-MATDB-8b9fa00d1ec4967c4da6e813ec68a0ca,AMAFIE,10.1021/ic1012523,(C10 H6 Cd1 N4 O4)n,False,(C10 H6 Cd1 N4 O4)n,False
[Cu(pmc)2].2/3DMF,NIST-MATDB-8b9fa00d1ec4967c4da6e813ec68a0ca,AMAFOK,10.1021/ic1012523,"(C10 H6 Cu1 N4 O4)n,0.67n(C3 H7 N1 O1)",True,"(C10 H6 Cu1 N4 O4)n,0.67n(C3 H7 N1 O1)",True
[Cu(pmc)2].2/3DMF,NIST-MATDB-8b9fa00d1ec4967c4da6e813ec68a0ca,AMAFUQ,10.1021/ic1012523,(C10 H6 Cu1 N4 O4)n,True,(C10 H6 Cu1 N4 O4)n,True
[Cu(pmc)2].2/3DMF,NIST-MATDB-8b9fa00d1ec4967c4da6e813ec68a0ca,AMAGAX,10.1021/ic1012523,"(C20 H12 Cu2 N8 O8)n,0.33n(C7 H8)",True,"(C20 H12 Cu2 N8 O8)n,0.33n(C7 H8)",True
[Cu2(EBTC)(H2O)2]*8H2O*DMF*DMSO,NIST-MATDB-8ecf9bef21be70735b30dd8b0598f82c,YUGLES,10.1039/b917046d,"(C18 H10 Cu2 O10)n,n(C2 H6 O1 S1),n(C3 H7 N1 O1),8n(H2 O1)",True,"(C18 H10 Cu2 O10)n,n(C2 H6 O1 S1),n(C3 H7 N1 O1),8n(H2 O1)",True
[Cu2(L)2(SO4)(Br)2],NIST-MATDB-fe4ea2d8669cdc82185822cf37560bff,SETDOM,10.1021/ic3026304,"(C16 H20 Br2 Cu2 N12 2+)n,n(O4 S1 2-),9n(H2 O1)",True,"(C16 H20 Br2 Cu2 N12 2+)n,n(O4 S1 2-),9n(H2 O1)",True
[Cu2(L)2(SO4)(Br)2],NIST-MATDB-fe4ea2d8669cdc82185822cf37560bff,SETDUS,10.1021/ic3026304,"(C8 H10 Br1 Cu1 N6 1+)n,0.5n(O4 S1 2-)",True,"(C8 H10 Br1 Cu1 N6 1+)n,0.5n(O4 S1 2-)",True
[Cu2(L)2(SO4)-(Br)2]*4H2O,NIST-MATDB-b0db4ed80089385f9c3e91d5600a1974,SETDOM,10.1021/ic3026304,"(C16 H20 Br2 Cu2 N12 2+)n,n(O4 S1 2-),9n(H2 O1)",True,"(C16 H20 Br2 Cu2 N12 2+)n,n(O4 S1 2-),9n(H2 O1)",True
[Cu2(L)2(SO4)-(Br)2]*4H2O,NIST-MATDB-b0db4ed80089385f9c3e91d5600a1974,SETDUS,10.1021/ic3026304,"(C8 H10 Br1 Cu1 N6 1+)n,0.5n(O4 S1 2-)",True,"(C8 H10 Br1 Cu1 N6 1+)n,0.5n(O4 S1 2-)",True
[Cu2(Me4BPDC)2]*9DMF,NIST-MATDB-b4763ca37b9a184a56f5c6a5161bcc24,TEMPAE,10.1016/j.crci.2012.09.001,"(C60 H62 N2 O15 Zn4)n,7n(C3 H7 N1 O1)",True,"(C60 H62 N2 O15 Zn4)n,7n(C3 H7 N1 O1)",True
[Cu2(Me4BPDC)2]*9DMF,NIST-MATDB-b4763ca37b9a184a56f5c6a5161bcc24,TEMPEI,10.1016/j.crci.2012.09.001,"(C63 H69 Cu3 N3 O15)n,10.5n(C3 H7 N1 O1)",True,"(C63 H69 Cu3 N3 O15)n,10.5n(C3 H7 N1 O1)",True
[Cu2(glu)2(mu-bpp)]*2H2O,NIST-MATDB-008c0641b37067db9f6e60411e306e35,MIJBAK,10.1039/c3cc44193h,(C23 H26 Cu2 N2 O8)n,True,(C23 H26 Cu2 N2 O8)n,True
[Cu2(glu)2(mu-bpp)]*2H2O,NIST-MATDB-008c0641b37067db9f6e60411e306e35,MIJBAK01,10.1039/c3cc44193h,(C23 H26 Cu2 N2 O8)n,True,(C23 H26 Cu2 N2 O8)n,True
[Cu2(glu)2(mu-bpp)]*2H2O,NIST-MATDB-008c0641b37067db9f6e60411e306e35,MIJBAK02,10.1039/c3cc44193h,(C23 H26 Cu2 N2 O8)n,True,(C23 H26 Cu2 N2 O8)n,True
[Cu2(glu)2(mu-bpp)]*2H2O,NIST-MATDB-008c0641b37067db9f6e60411e306e35,MIJBAK03,10.1039/c3cc44193h,(C23 H26 Cu2 N2 O8)n,True,(C23 H26 Cu2 N2 O8)n,True
[Cu2(glu)2(mu-bpp)]*2H2O,NIST-MATDB-008c0641b37067db9f6e60411e306e35,MIJBAK04,10.1039/c3cc44193h,(C23 H26 Cu2 N2 O8)n,True,(C23 H26 Cu2 N2 O8)n,True
[Cu2(obb)2(bpy)0.5(DMF)]*2DMF,NIST-MATDB-07d78240c661ad1bae52f1a6f30cdb54,HEDCAW,10.1021/ic300778m,(C68 H60 N4 O24 Zn4)n,False,(C68 H60 N4 O24 Zn4)n,False
[Cu2(obb)2(bpy)0.5(DMF)]*2DMF,NIST-MATDB-07d78240c661ad1bae52f1a6f30cdb54,HEDCEA,10.1021/ic300778m,"(C38 H24 N2 O10 Zn2)n,n(C3 H7 N1 O1)",True,"(C38 H24 N2 O10 Zn2)n,n(C3 H7 N1 O1)",True
[Cu2(obb)2(bpy)0.5(DMF)]*2DMF,NIST-MATDB-07d78240c661ad1bae52f1a6f30cdb54,HEDCIE,10.1021/ic300778m,(C72 H54 Cu4 N4 O22)n,False,(C72 H54 Cu4 N4 O22)n,False
[Cu3(TDPAH)(H2O)3] 13H2O 8DMA,NIST-MATDB-ad8443a58b6d0f9c90e2c966b478e551,HIYGIH,10.1039/c4cc00375f,"(C60 H36 Cu6 N20 O30)n,8n(C4 H9 N1 O1),13n(H2 O1)",True,"(C60 H36 Cu6 N20 O30)n,8n(C4 H9 N1 O1),13n(H2 O1)",True
[Fe2(BPEB)3],NIST-MATDB-5350a399babe6c33a34d193da74689a3,ZODXOH,10.1039/c4ta01798f,(C48 H24 Fe2 N12)n,True,(C48 H24 Fe2 N12)n,True
[Fe2(BPEB)3],NIST-MATDB-5350a399babe6c33a34d193da74689a3,ZODXUN,10.1039/c4ta01798f,(C16 H8 N4 Ni1)n,True,(C16 H8 N4 Ni1)n,True
[Fe2(BPEB)3],NIST-MATDB-5350a399babe6c33a34d193da74689a3,ZODYAU,10.1039/c4ta01798f,(C16 H8 N4 Zn1)n,True,(C16 H8 N4 Zn1)n,True
[Fe3(O)(pmc)5.3(O2CH)0.7]*DMF,NIST-MATDB-295d332cc2c95e4c5cb85cbc71619b4d,OCUFUQ,10.1016/j.micromeso.2011.09.017,"(C26 H16 Fe3 N10 O13)n,n(C3 H7 N1 O1)",True,"(C26 H16 Fe3 N10 O13)n,n(C3 H7 N1 O1)",True
[Fe3(O)(pmc)5.3(O2CH)0.7]*DMF,NIST-MATDB-295d332cc2c95e4c5cb85cbc71619b4d,OCUGAX,10.1016/j.micromeso.2011.09.017,(C14 H22 Cl4 Co3 N4 O8)n,False,(C14 H22 Cl4 Co3 N4 O8)n,False
[H3O][In(btec)]*0.8H2O,NIST-MATDB-0461171b076b7338f3c8a5908aa5ac11,EXOFIH,10.1039/c1dt10683j,"(H3 O1 1+)n,n(C10 H2 In1 O8 1-),0.8n(H2 O1)",False,"(H3 O1 1+)n,n(C10 H2 In1 O8 1-),0.8n(H2 O1)",False
[HDMA]2-[Zn2(BDC)3(DMA)2]*6DMF,NIST-MATDB-41bf998d76cba1c3f2b7a8ca599b8d04,ZEYCOX,10.1039/c3dt32846e,"(C28 H26 N2 O12 Zn2 2-)n,6n(C3 H7 N1 O1),2n(C2 H8 N1 1+)",False,"(C28 H26 N2 O12 Zn2 2-)n,6n(C3 H7 N1 O1),2n(C2 H8 N1 1+)",False
[La(BTB)(H2O)3DMF]n Activated,NIST-MATDB-ba44d94d4795e26e53b0ca7a786c3229,FECXAO,10.1039/c2jm15721g,"(C27 H17 La1 O7)n,3n(C3 H7 N1 O1)",False,"(C27 H17 La1 O7)n,3n(C3 H7 N1 O1)",False
[La(TATAB)(H2O)].6H2O,NIST-MATDB-729e12bd3ddc53b6de346c8ab81979b6,PUJJEL,10.1002/chem.201405168,"(C24 H17 La1 N6 O7)n,6n(H2 O1)",False,"(C24 H17 La1 N6 O7)n,6n(H2 O1)",False
[Mn3(mu5-mTPO)(mu6-mTPO)(mu-H2O)(H2O)4]*2DMF*H2O,NIST-MATDB-ba661add260fcd1cb318e49bea5d862e,BETZOR,10.1039/c3cc00093a,"(C42 H34 Mn3 O19 P2)n,2n(C3 H7 N1 O1),n(H2 O1)",True,"(C42 H34 Mn3 O19 P2)n,2n(C3 H7 N1 O1),n(H2 O1)",True
[Mn3(mu5-mTPO)(mu6-mTPO)(mu-H2O)(H2O)4]*2DMF*H2O,NIST-MATDB-ba661add260fcd1cb318e49bea5d862e,BETZUX,10.1039/c3cc00093a,"(C42 H32 Mg2 O17 P2)n,2n(C5 H11 N1 O1)",False,"(C42 H32 Mg2 O17 P2)n,2n(C5 H11 N1 O1)",False
[NH2(CH3)2]2[Cd3(BTA)(BTC)2(H2O)]2*7DMAC*8H2O,NIST-MATDB-fcccc08340bc1bb9ea339a6ffd869aa0,NESVAK,10.1039/c2ta00635a,"(C2 H8 N1 1+)n,n(C24 H12 Cd3 N3 O13 1-),3.5n(C4 H9 N1 O1),4n(H2 O1)",True,"(C2 H8 N1 1+)n,n(C24 H12 Cd3 N3 O13 1-),3.5n(C4 H9 N1 O1),4n(H2 O1)",True
[NH2(CH3)2]2[Cd3(BTA)(BTC)2(H2O)]2*7DMAC*8H2O,NIST-MATDB-fcccc08340bc1bb9ea339a6ffd869aa0,NESVEO,10.1039/c2ta00635a,"(C24 H12 N3 O13 Zn3 1-)n,4n(C4 H9 N1 O1),3n(H2 O1),n(C2 H8 N1 1+)",True,"(C24 H12 N3 O13 Zn3 1-)n,4n(C4 H9 N1 O1),3n(H2 O1),n(C2 H8 N1 1+)",True
[NH2(CH3)2][Zn3(4-Pca)3(ade)].10DMF.8H2O,NIST-MATDB-6a9619260e0e012f4c32e3c97ac6a5ac,CUDPOI,10.1002/chem.201406323,"(C17 H10 N11 O6 Zn3 1-)n,C2 H8 N1 1+,10(C3 H7 N1 O1),8(H2 O1)",True,"(C17 H10 N11 O6 Zn3 1-)n,C2 H8 N1 1+,10(C3 H7 N1 O1),8(H2 O1)",True
[NH2(CH3)2][Zn3(4-Pca)3(ade)].10DMF.8H2O,NIST-MATDB-6a9619260e0e012f4c32e3c97ac6a5ac,CUDPUO,10.1002/chem.201406323,"(C17 H10 N11 O6 Zn3 1-)n,C2 H8 N1 1+",True,"(C17 H10 N11 O6 Zn3 1-)n,C2 H8 N1 1+",True
[NH2(CH3)2][Zn3(4-Pca)3(ade)].10DMF.8H2O,NIST-MATDB-6a9619260e0e012f4c32e3c97ac6a5ac,CUDQAV,10.1002/chem.201406323,"(C17 H10 N11 O6 Zn3 1-)n,C2 H8 N1 1+",True,"(C17 H10 N11 O6 Zn3 1-)n,C2 H8 N1 1+",True
[NH2(CH3)2][Zn3(4-Pca)3(ade)].10DMF.8H2O,NIST-MATDB-6a9619260e0e012f4c32e3c97ac6a5ac,CUDQEZ,10.1002/chem.201406323,"(C17 H10 N11 O6 Zn3 1-)n,C2 H8 N1 1+",True,"(C17 H10 N11 O6 Zn3 1-)n,C2 H8 N1 1+",True
[NH2(CH3)2][Zn3(BTA)(BTC)2(H2O)]*4DMAC*3H2O,NIST-MATDB-39aefd2a7e1a916cd7aeaa87941cecb4,NESVAK,10.1039/c2ta00635a,"(C2 H8 N1 1+)n,n(C24 H12 Cd3 N3 O13 1-),3.5n(C4 H9 N1 O1),4n(H2 O1)",True,"(C2 H8 N1 1+)n,n(C24 H12 Cd3 N3 O13 1-),3.5n(C4 H9 N1 O1),4n(H2 O1)",True
[NH2(CH3)2][Zn3(BTA)(BTC)2(H2O)]*4DMAC*3H2O,NIST-MATDB-39aefd2a7e1a916cd7aeaa87941cecb4,NESVEO,10.1039/c2ta00635a,"(C24 H12 N3 O13 Zn3 1-)n,4n(C4 H9 N1 O1),3n(H2 O1),n(C2 H8 N1 1+)",True,"(C24 H12 N3 O13 Zn3 1-)n,4n(C4 H9 N1 O1),3n(H2 O1),n(C2 H8 N1 1+)",True
[Ni(BPEB)],NIST-MATDB-c8b87c33b697e8a3304458115b4cd8de,ZODXOH,10.1039/c4ta01798f,(C48 H24 Fe2 N12)n,True,(C48 H24 Fe2 N12)n,True
[Ni(BPEB)],NIST-MATDB-c8b87c33b697e8a3304458115b4cd8de,ZODXUN,10.1039/c4ta01798f,(C16 H8 N4 Ni1)n,True,(C16 H8 N4 Ni1)n,True
[Ni(BPEB)],NIST-MATDB-c8b87c33b697e8a3304458115b4cd8de,ZODYAU,10.1039/c4ta01798f,(C16 H8 N4 Zn1)n,True,(C16 H8 N4 Zn1)n,True
[Ni2(C2O4)(L)2]n*6nH2O,NIST-MATDB-7ab2e7d88babbb2b2b55b6377850da0f,HAHCUR,10.1021/cg400948e,"(C34 H20 N6 Ni2 O8)n,5(H2 O1)",False,"(C34 H20 N6 Ni2 O8)n,5(H2 O1)",False
[Ni2(C2O4)(L)2]n*6nH2O,NIST-MATDB-7ab2e7d88babbb2b2b55b6377850da0f,YINSIZ,10.1021/cg400948e,"(C34 H20 N6 Ni2 O8)n,6n(H2 O1)",True,"(C34 H20 N6 Ni2 O8)n,6n(H2 O1)",True
[Ni2(C2O4)(L)2]n*6nH2O,NIST-MATDB-7ab2e7d88babbb2b2b55b6377850da0f,YINSIZ01,10.1021/cg400948e,"(C34 H20 N6 Ni2 O8)n,6n(H2 O1)",True,"(C34 H20 N6 Ni2 O8)n,6n(H2 O1)",True
[Ni2(C2O4)(L)2]n*6nH2O,NIST-MATDB-7ab2e7d88babbb2b2b55b6377850da0f,YINSUL,10.1021/cg400948e,(C34 H20 N6 Ni2 O8)n,False,(C34 H20 N6 Ni2 O8)n,False
[Ni2(C2O4)(L)2]n*6nH2O,NIST-MATDB-7ab2e7d88babbb2b2b55b6377850da0f,YINSUL01,10.1021/cg400948e,(C34 H20 N6 Ni2 O8)n,True,(C34 H20 N6 Ni2 O8)n,True
[Ni2(m2-OH)(COO)2],NIST-MATDB-4b556405ee66ebaece1b56a3fee62485,CUHGIX,10.1039/c5ta03493k,"(C50 H33 N12 Ni2 O5 1+)n,N1 O3 1-,3(C4 H9 N1 O1),4(C1 H4 O1),6(H2 O1)",True,"(C50 H33 N12 Ni2 O5 1+)n,N1 O3 1-,3(C4 H9 N1 O1),4(C1 H4 O1),6(H2 O1)",True
[Ni3(mu2-H2O)2(bdc)3(pyrazine)2]*3(DMA),NIST-MATDB-8df8f32003fc00772d29a159e0ff21f5,FIHRIZ,10.1039/c3ce40548f,"(C32 H24 N4 Ni3 O14)n,3n(C4 H9 N1 O1)",False,"(C32 H24 N4 Ni3 O14)n,3n(C4 H9 N1 O1)",False
[NiII(dpzca)2Ag]BF4*0.5(C3H6O),NIST-MATDB-654aaef9bb2047cdacdadb801ce02d27,HOWQER,10.1021/ic501876m,"(C20 H12 Ag1 Co1 N10 O4 2+)n,2(B1 F4 1-)",True,"(C20 H12 Ag1 Co1 N10 O4 2+)n,2(B1 F4 1-)",True
[NiII(dpzca)2Ag]BF4*0.5(C3H6O),NIST-MATDB-654aaef9bb2047cdacdadb801ce02d27,HOWQER01,10.1021/ic501876m,"(C20 H12 Ag1 Co1 N10 O4 2+)n,2(B1 F4 1-)",True,"(C20 H12 Ag1 Co1 N10 O4 2+)n,2(B1 F4 1-)",True
[NiII(dpzca)2Ag]BF4*0.5(C3H6O),NIST-MATDB-654aaef9bb2047cdacdadb801ce02d27,HOWQER02,10.1021/ic501876m,"(C20 H12 Ag1 Co1 N10 O4 2+)n,2(B1 F4 1-)",True,"(C20 H12 Ag1 Co1 N10 O4 2+)n,2(B1 F4 1-)",True
[NiII(dpzca)2Ag]BF4*0.5(C3H6O),NIST-MATDB-654aaef9bb2047cdacdadb801ce02d27,HOWQUH,10.1021/ic501876m,"(C20 H12 Ag1 Co1 N10 O4 2+)n,2(B1 F4 1-),2(H2 O1)",True,"(C20 H12 Ag1 Co1 N10 O4 2+)n,2(B1 F4 1-),2(H2 O1)",True
[NiII(dpzca)2Ag]BF4*0.5(C3H6O),NIST-MATDB-654aaef9bb2047cdacdadb801ce02d27,HOWRAO,10.1021/ic501876m,"(C20 H12 Ag1 N10 Ni1 O4 1+)n,0.5(C3 H6 O1),B1 F4 1-",True,"(C20 H12 Ag1 N10 Ni1 O4 1+)n,0.5(C3 H6 O1),B1 F4 1-",True
[Zn(BDC-OH)-(TED)0.5],NIST-MATDB-a913314565a8850d65ecf76b10569999,IWAHUK,10.1002/chem.201002818,"(C22 H20 N2 O10 Zn2)n,3n(C3 H7 N1 O1),0.6n(H2 O1)",True,"(C22 H20 N2 O10 Zn2)n,3n(C3 H7 N1 O1),0.6n(H2 O1)",True
[Zn(BPEB)],NIST-MATDB-99723c0194e8cf989d93bc5e2da6aeea,ZODXOH,10.1039/c4ta01798f,(C48 H24 Fe2 N12)n,True,(C48 H24 Fe2 N12)n,True
[Zn(BPEB)],NIST-MATDB-99723c0194e8cf989d93bc5e2da6aeea,ZODXUN,10.1039/c4ta01798f,(C16 H8 N4 Ni1)n,True,(C16 H8 N4 Ni1)n,True
[Zn(BPEB)],NIST-MATDB-99723c0194e8cf989d93bc5e2da6aeea,ZODYAU,10.1039/c4ta01798f,(C16 H8 N4 Zn1)n,True,(C16 H8 N4 Zn1)n,True
[Zn(L) H2O] DMA,NIST-MATDB-fe77581c44531a420777097b9167e180,JOGBAK,10.1039/c4cc00334a,(C23 H18 N2 O5 Zn1)n,True,(C23 H18 N2 O5 Zn1)n,True
[Zn(L)].4DMF-a,NIST-MATDB-ed6efba00b0acfaaa68bacfa08abcf18,QOZSIJ,10.1039/c4dt02481h,"(C35 H21 N3 O4 Zn1)n,4n(C3 H7 N1 O1)",True,"(C35 H21 N3 O4 Zn1)n,4n(C3 H7 N1 O1)",True
[Zn2(CN5H2)3(H2O)3]6H2O,NIST-MATDB-c936a26aca2785521f7370745126254f,GEZKED,10.1002/cplu.201200270,"(C3 H12 N15 O3 Zn2)n,6n(H2 O1)",False,"(C3 H12 N15 O3 Zn2)n,6n(H2 O1)",False
[Zn2(CN5H2)3(H2O)3]6H2O Ac,NIST-MATDB-b4ded22a11c441a1b3ab509c773faf92,GEZKED,10.1002/cplu.201200270,"(C3 H12 N15 O3 Zn2)n,6n(H2 O1)",False,"(C3 H12 N15 O3 Zn2)n,6n(H2 O1)",False
[Zn2(CN5H2)3(H2O)3]6H2O TMC,NIST-MATDB-98658c4eb471e4b3561e03c58fa503f2,GEZKED,10.1002/cplu.201200270,"(C3 H12 N15 O3 Zn2)n,6n(H2 O1)",False,"(C3 H12 N15 O3 Zn2)n,6n(H2 O1)",False
[Zn2(TRZ)2(DOBDC)]n,NIST-MATDB-5e5d2527424bcfa483a22e2a65497854,BUYDAC,10.1016/j.inoche.2015.11.001,(C20 H16 N12 O8 Zn4)n,True,(C20 H16 N12 O8 Zn4)n,True
[Zn2(TRZ)2(DOBDC)]n,NIST-MATDB-5e5d2527424bcfa483a22e2a65497854,BUYDEG,10.1016/j.inoche.2015.11.001,(C12 H8 N6 O6 Zn2)n,True,(C12 H8 N6 O6 Zn2)n,True
[Zn2(bdc)2(bphy)],NIST-MATDB-331eabacef6b034e4aab0683948a4798,IXUQUO,10.1039/c1dt10682a,"(C72 H56 N16 O16 Zn4)n,4n(C3 H7 N1 O1),4n(H2 O1)",True,"(C72 H56 N16 O16 Zn4)n,4n(C3 H7 N1 O1),4n(H2 O1)",True
[Zn2(bdc)2(bphy)],NIST-MATDB-331eabacef6b034e4aab0683948a4798,IXURAV,10.1039/c1dt10682a,"(C36 H28 N8 O8 Zn2)n,2n(C2 H6 O1),2n(H2 O1)",True,"(C36 H28 N8 O8 Zn2)n,2n(C2 H6 O1),2n(H2 O1)",True
[Zn2(bdc)2(bphy)],NIST-MATDB-331eabacef6b034e4aab0683948a4798,IXUREZ,10.1039/c1dt10682a,"(C52 H36 N8 O16 Zn4)n,3n(C2 H6 O1),2n(H2 O1)",True,"(C52 H36 N8 O16 Zn4)n,3n(C2 H6 O1),2n(H2 O1)",True
[Zn2(bdc)2(bphy)],NIST-MATDB-331eabacef6b034e4aab0683948a4798,IXURID,10.1039/c1dt10682a,"(C26 H18 N4 O8 Zn2)n,n(C4 H9 N1 O1),1.5n(H2 O1)",True,"(C26 H18 N4 O8 Zn2)n,n(C4 H9 N1 O1),1.5n(H2 O1)",True
[Zn2(bpdc)2bpe]-2DMF,NIST-MATDB-44727690c1a52928ef35bbd59402bac5,MAKXAZ,10.1039/c0cc02942d,"(C40 H28 N2 O8 Zn2)n,2n(C3 H7 N1 O1)",True,"(C40 H28 N2 O8 Zn2)n,2n(C3 H7 N1 O1)",True
[Zn22(btc)12-(H2O)22(NO3)8) xguest-c,NIST-MATDB-ea5e709740e7dd9ee07d32ca989dbb9e,NUBBAP,10.1039/c4ce02154a,"(C54 H40 O47 Zn11 4+)n,4n(N1 O3 1-)",True,"(C54 H40 O47 Zn11 4+)n,4n(N1 O3 1-)",True
[Zn3(TCPB)2*2H2O]*2H2O*4DMF,NIST-MATDB-79bb15266bb8ce342990c61767bf4f13,GICNIR,10.1002/asia.201200601,"(C54 H34 O20 Zn3)n,2n(H2 O1),4n(C3 H7 N1 O1)",True,"(C54 H34 O20 Zn3)n,2n(H2 O1),4n(C3 H7 N1 O1)",True
[Zn3(TCPB)2*2H2O]*2H2O*4DMF,NIST-MATDB-79bb15266bb8ce342990c61767bf4f13,GICNOX,10.1002/asia.201200601,"(C64 H52 N2 O20 Zn3)n,3n(C5 H11 N1 O1)",False,"(C64 H52 N2 O20 Zn3)n,3n(C5 H11 N1 O1)",False
[Zn3-(ntb)2]n,NIST-MATDB-002c3dec5dc95ba29da506c4ae80cfeb,PIDMEV,10.1002/chem.200601534,"(C46 H36 N2 O14 Zn3)n,4n(C2 H6 O1)",False,"(C46 H36 N2 O14 Zn3)n,4n(C2 H6 O1)",False
[Zn3-(ntb)2]n,NIST-MATDB-002c3dec5dc95ba29da506c4ae80cfeb,PIDMEV01,10.1002/chem.200601534,"(C46 H36 N2 O14 Zn3)n,4n(C2 H6 O1)",False,"(C46 H36 N2 O14 Zn3)n,4n(C2 H6 O1)",False
[Zn3-(ntb)2]n,NIST-MATDB-002c3dec5dc95ba29da506c4ae80cfeb,PIFPIE,10.1002/chem.200601534,(C42 H24 N2 O12 Zn3)n,False,(C42 H24 N2 O12 Zn3)n,False
[Zn3L2(btc)2(H2O)],NIST-MATDB-82dabd9339d7f862259c1b605cce0d2f,FIHHOV,10.1039/c3ce41002a,"(C66 H54 B2 F4 N8 O13 Zn3)n,3.5n(C3 H7 N1 O1),4n(H2 O1)",True,"(C66 H54 B2 F4 N8 O13 Zn3)n,3.5n(C3 H7 N1 O1),4n(H2 O1)",True
[Zn3L2(btc)2(H2O)],NIST-MATDB-82dabd9339d7f862259c1b605cce0d2f,FIHHUB,10.1039/c3ce41002a,"(C32 H27 B1 Cd1 F2 N4 O4)n,1.5n(C3 H7 N1 O1),n(H2 O1)",True,"(C32 H27 B1 Cd1 F2 N4 O4)n,1.5n(C3 H7 N1 O1),n(H2 O1)",True
[Zn4(TRZ)4(TTBDC)2]n,NIST-MATDB-4f499d4b586fd577894603f91aa3ca3f,BUYDAC,10.1016/j.inoche.2015.11.001,(C20 H16 N12 O8 Zn4)n,True,(C20 H16 N12 O8 Zn4)n,True
[Zn4(TRZ)4(TTBDC)2]n,NIST-MATDB-4f499d4b586fd577894603f91aa3ca3f,BUYDEG,10.1016/j.inoche.2015.11.001,(C12 H8 N6 O6 Zn2)n,True,(C12 H8 N6 O6 Zn2)n,True
[Zn4O(Me4BPDC)3]*9DMF,NIST-MATDB-3ae00f7847bd8acb18932beb43071c1e,TEMPAE,10.1016/j.crci.2012.09.001,"(C60 H62 N2 O15 Zn4)n,7n(C3 H7 N1 O1)",True,"(C60 H62 N2 O15 Zn4)n,7n(C3 H7 N1 O1)",True
[Zn4O(Me4BPDC)3]*9DMF,NIST-MATDB-3ae00f7847bd8acb18932beb43071c1e,TEMPEI,10.1016/j.crci.2012.09.001,"(C63 H69 Cu3 N3 O15)n,10.5n(C3 H7 N1 O1)",True,"(C63 H69 Cu3 N3 O15)n,10.5n(C3 H7 N1 O1)",True
[Zn5(mu3-OH)4L2]*7H2O*DMF,NIST-MATDB-1450bfb9be2f8a636dbc39b070895447,XENMIO,10.1039/c2cc36713k,"(C42 H26 O20 Zn5)n,7n(H2 O1),n(C3 H7 N1 O1)",True,"(C42 H26 O20 Zn5)n,7n(H2 O1),n(C3 H7 N1 O1)",True
[Zn5(mu3-OH)4L2]*7H2O*DMF,NIST-MATDB-1450bfb9be2f8a636dbc39b070895447,XENMOU,10.1039/c2cc36713k,"(C42 H26 O20 Zn5)n,2.5n(H2 O1),1.5n(C2 H6 O1)",True,"(C42 H26 O20 Zn5)n,2.5n(H2 O1),1.5n(C2 H6 O1)",True
[Zn6(mu6-O)(TPO)2]-(NO3)4-3H2O,NIST-MATDB-a16375e910e5376ba64672a5b1e5ae7b,NIYZIG,10.1021/ic402481b,(C21 H15 O9 P1 Zn2)n,True,(C21 H15 O9 P1 Zn2)n,True
[Zn6(mu6-O)(TPO)2]-(NO3)4-3H2O,NIST-MATDB-a16375e910e5376ba64672a5b1e5ae7b,NIYZOM,10.1021/ic402481b,(C42 H24 O15 P2 Zn3)n,True,(C42 H24 O15 P2 Zn3)n,True
[{Cu(H-pymo)2}n],NIST-MATDB-793a39b1cb9c6f64dbbce85b5fbd3dc6,XOJCAB,10.1002/chem.200801048,"(C16 H8 Co2 F4 N8 O4)n,5n(H2 O1)",False,"(C16 H8 Co2 F4 N8 O4)n,5n(H2 O1)",False
[{Cu(H-pymo)2}n],NIST-MATDB-793a39b1cb9c6f64dbbce85b5fbd3dc6,XOJCEF,10.1002/chem.200801048,(C16 H8 Co2 F4 N8 O4)n,False,(C16 H8 Co2 F4 N8 O4)n,False
[{Cu(H-pymo)2}n],NIST-MATDB-793a39b1cb9c6f64dbbce85b5fbd3dc6,XOJCIJ,10.1002/chem.200801048,"(C16 H8 F4 N8 O4 Zn2)n,5n(H2 O1)",False,"(C16 H8 F4 N8 O4 Zn2)n,5n(H2 O1)",False
[{Cu(H-pymo)2}n],NIST-MATDB-793a39b1cb9c6f64dbbce85b5fbd3dc6,XOJCOP,10.1002/chem.200801048,(C8 H4 F2 N4 O2 Zn1)n,False,(C8 H4 F2 N4 O2 Zn1)n,False
[{Fe(NCS)2}3(TPB)4],NIST-MATDB-20217f6d91ed12adf5a0f7ff7c0356ce,TIJMOQ,10.1039/c3cc45180a,"(C90 H60 Fe3 N18 S6)n,15n(C1 H2 Cl2),60n(C2 H6 O1),10n(H2 O1)",True,"(C90 H60 Fe3 N18 S6)n,15n(C1 H2 Cl2),60n(C2 H6 O1),10n(H2 O1)",True
[{Fe(NCS)2}3(TPB)4],NIST-MATDB-20217f6d91ed12adf5a0f7ff7c0356ce,TIJMOQ01,10.1039/c3cc45180a,"(C90 H60 Fe3 N18 S6)n,15n(C1 H2 Cl2),60n(C2 H6 O1),10n(H2 O1)",True,"(C90 H60 Fe3 N18 S6)n,15n(C1 H2 Cl2),60n(C2 H6 O1),10n(H2 O1)",True
activated [NC2H8]4Cu5(BTT)3xG,NIST-MATDB-30ef3a157ea0a8d3bc2babe8930eccb6,COTYIV,10.1039/c4cc10002f,"(C27 H9 Cu5 N36 4-)n,4(C2 H8 N1 1+)",True,"(C27 H9 Cu5 N36 4-)n,4(C2 H8 N1 1+)",True
activated {[Zn4(bpydb)3(datz)2(H2O)](DMF)4(EtOH)5(H2O)8}n,NIST-MATDB-af024f601636c62dab8f880c2ae7615c,RUGZAW,10.1021/cg501758a,"(C76 H52 N16 O13 Zn4)n,4n(C3 H7 N1 O1),5n(C2 H6 O1),8n(H2 O1)",True,"(C76 H52 N16 O13 Zn4)n,4n(C3 H7 N1 O1),5n(C2 H6 O1),8n(H2 O1)",True
desolvated [Cu5(L)2(OH)2·(H2O)2·DMA2]·2DMA·EtOH·2H2O,NIST-MATDB-afe1c6e73457c83e0d112f22b07574d0,HUDWOU,10.1039/c5ce00762c,"(C108 H72 Cu6 O42)n,10(C4 H9 N1 O1),4(C2 H6 O1)",True,"(C108 H72 Cu6 O42)n,10(C4 H9 N1 O1),4(C2 H6 O1)",True
desolvated [Cu5(L)2(OH)2·(H2O)2·DMA2]·2DMA·EtOH·2H2O,NIST-MATDB-afe1c6e73457c83e0d112f22b07574d0,HUDWUA,10.1039/c5ce00762c,"(C62 H52 Cu5 N2 O24)n,2(C4 H9 N1 O1),C2 H6 O1,2(H2 O1)",True,"(C62 H52 Cu5 N2 O24)n,2(C4 H9 N1 O1),C2 H6 O1,2(H2 O1)",True
eea-MOF-4,NIST-MATDB-e6b24d002f0be7b19db9e4a0b3345ee7,HOYKUD,10.1039/c4ta07115h,(C13 H8 Cu1 N2 O4)n,True,(C13 H8 Cu1 N2 O4)n,True
eea-MOF-4,NIST-MATDB-e6b24d002f0be7b19db9e4a0b3345ee7,HOYQUJ,10.1039/c4ta07115h,(C13 H8 Cu1 N2 O4)n,True,(C13 H8 Cu1 N2 O4)n,True
eea-MOF-4,NIST-MATDB-e6b24d002f0be7b19db9e4a0b3345ee7,HOYRAQ,10.1039/c4ta07115h,(C12 H7 Cu1 N3 O4)n,True,(C12 H7 Cu1 N3 O4)n,True
eea-MOF-4,NIST-MATDB-e6b24d002f0be7b19db9e4a0b3345ee7,JOFCEO01,10.1039/c4ta07115h,(C14 H8 Cu1 N2 O5)n,True,(C14 H8 Cu1 N2 O5)n,True
eea-MOF-4,NIST-MATDB-e6b24d002f0be7b19db9e4a0b3345ee7,UNACES01,10.1039/c4ta07115h,(C14 H8 Cu1 N2 O5)n,True,(C14 H8 Cu1 N2 O5)n,True
eea-MOF-5,NIST-MATDB-bbd4c0c32dbd9f7b1df341984b71983f,HOYKUD,10.1039/c4ta07115h,(C13 H8 Cu1 N2 O4)n,True,(C13 H8 Cu1 N2 O4)n,True
eea-MOF-5,NIST-MATDB-bbd4c0c32dbd9f7b1df341984b71983f,HOYQUJ,10.1039/c4ta07115h,(C13 H8 Cu1 N2 O4)n,True,(C13 H8 Cu1 N2 O4)n,True
eea-MOF-5,NIST-MATDB-bbd4c0c32dbd9f7b1df341984b71983f,HOYRAQ,10.1039/c4ta07115h,(C12 H7 Cu1 N3 O4)n,True,(C12 H7 Cu1 N3 O4)n,True
eea-MOF-5,NIST-MATDB-bbd4c0c32dbd9f7b1df341984b71983f,JOFCEO01,10.1039/c4ta07115h,(C14 H8 Cu1 N2 O5)n,True,(C14 H8 Cu1 N2 O5)n,True
eea-MOF-5,NIST-MATDB-bbd4c0c32dbd9f7b1df341984b71983f,UNACES01,10.1039/c4ta07115h,(C14 H8 Cu1 N2 O5)n,True,(C14 H8 Cu1 N2 O5)n,True
gea-MOF-1,NIST-MATDB-fab951d1e53d35279d22a30a416c2e08,WOMXED,10.1038/nchem.1982,(C144 H82 Cu6 N2 O30)n,True,(C144 H82 Cu6 N2 O30)n,True
gea-MOF-1,NIST-MATDB-fab951d1e53d35279d22a30a416c2e08,WONJUG,10.1038/nchem.1982,"(C2 H8 N1 1+)2n,n(C162 H101 O47 Y9 2-)",True,"(C2 H8 N1 1+)2n,n(C162 H101 O47 Y9 2-)",True
"{Ag3[Ag5(mu3-3,5-Ph2tz)6](NO3)2}n",NIST-MATDB-157d2c3d9f1568cf1e25b51ade68fffd,LONJOP,10.1016/j.micromeso.2013.09.006,"(C60 H108 Ag8 N18 2+)n,2n(B1 F4 1-)",True,"(C60 H108 Ag8 N18 2+)n,2n(B1 F4 1-)",True
"{Ag3[Ag5(mu3-3,5-tBu2tz)6](BF4)2}n",NIST-MATDB-279c9ad5012a5473728672cd454133fb,LONJOP,10.1016/j.micromeso.2013.09.006,"(C60 H108 Ag8 N18 2+)n,2n(B1 F4 1-)",True,"(C60 H108 Ag8 N18 2+)n,2n(B1 F4 1-)",True
{[(Me2NH2)2]*[Cd3(5-tbip)4]*2DMF}n,NIST-MATDB-d82b38fe46a8c8053c4cf49ecc0c7774,SIDCAL,10.1039/c3ce40795k,"(C96 H96 Cd6 O32 4-)n,4n(C3 H7 N1 O1),4n(C2 H8 N1 1+)",True,"(C96 H96 Cd6 O32 4-)n,4n(C3 H7 N1 O1),4n(C2 H8 N1 1+)",True
{[Cd2(TPPBDA)(OBA)2] 4DMA 8H2O}n,NIST-MATDB-6760c7f54a5eaefcf72e168fbdbac82c,JORLEJ,10.1021/cg500269h,"(C84 H56 Cd2 N6 O10)n,2(C4 H9 N1 O1)",True,"(C84 H56 Cd2 N6 O10)n,2(C4 H9 N1 O1)",True
{[Co(dcpy)(bipy)0.5(H2O)]*H2O},NIST-MATDB-c93e4e4de0de5f69784bd3a044290aa6,MARNIE,10.1039/c2ce06372g,"(C36 H22 Co2 N4 O8)n,2n(H2 O1)",False,"(C36 H22 Co2 N4 O8)n,2n(H2 O1)",False
{[Co(dcpy)(bipy)0.5(H2O)]*H2O},NIST-MATDB-c93e4e4de0de5f69784bd3a044290aa6,MARNOK,10.1039/c2ce06372g,"(C36 H26 Co2 N4 O10)n,4n(H2 O1)",True,"(C36 H26 Co2 N4 O10)n,4n(H2 O1)",True
{[Dy(ox)(Bpybc)(H2O)]*OH*13H2O}n,NIST-MATDB-e76751d386092e2623e344b84f5cf1ae,REWSUJ,10.1039/c3cc38260e,"(C56 H44 Dy2 N4 O18 2+)n,2n(H1 O1 1-),26n(H2 O1)",True,"(C56 H44 Dy2 N4 O18 2+)n,2n(H1 O1 1-),26n(H2 O1)",True
{[NH2(CH3)2][Zn(atz)(ox)]$H2O}n,NIST-MATDB-9e9abcff601ea278431c9ebe61051496,BUBJUF,10.1039/c5ra02935j,(C6 H4 N10 O8 Zn2)n,True,(C6 H4 N10 O8 Zn2)n,True
{[Tb(FDA)1.5(DMF)]*DMF},NIST-MATDB-b86e8105cac1d841217916014055e76d,XIFHIF,10.1002/chem.201203487,(C24 H20 N2 O17 Tb2)n,True,(C24 H20 N2 O17 Tb2)n,True
{[Zn3(L)3(DPB)1.5]-6DMF-H20}n,NIST-MATDB-5221a8469d6589c0a439bc47fbac5494,ZUJKAS,10.1016/j.ica.2015.03.011,(C60 H44 N2 O8 Zn2)n,True,(C60 H44 N2 O8 Zn2)n,True
{[Zn3(ptp)3](DMF)2-(H2O)},NIST-MATDB-b79f378760f114ca0c4788cf5c9c00f2,QARBUI,10.1021/ic2015463,(C17 H12 N12 O1 Zn1)n,False,(C17 H12 N12 O1 Zn1)n,False
{[Zn3(ptp)3](DMF)2-(H2O)},NIST-MATDB-b79f378760f114ca0c4788cf5c9c00f2,QARCAP,10.1021/ic2015463,(C16 H8 N12 Zn1)n,False,(C16 H8 N12 Zn1)n,False
{[Zn3(ptp)3](DMF)2-(H2O)},NIST-MATDB-b79f378760f114ca0c4788cf5c9c00f2,QARCET,10.1021/ic2015463,"(C48 H24 N36 Zn3)n,2n(C3 H7 N1 O1),n(H2 O1)",False,"(C48 H24 N36 Zn3)n,2n(C3 H7 N1 O1),n(H2 O1)",False
{[Zn4O(bfbpdc)3-(bpy)0.5(H2O)]*(3DMF)(H2O)}n,NIST-MATDB-6fb238246366535807268f8df02ede00,WIKGII,10.1021/ic302645r,"(C106 H48 F36 N2 O28 Zn8)n,6n(C3 H7 N1 O1),2n(H2 O1)",True,"(C106 H48 F36 N2 O28 Zn8)n,6n(C3 H7 N1 O1),2n(H2 O1)",True
