name,hashkey,DOI,DOIs,Temperatures,synonyms
SDU-8,NIST-MATDB-03645c4b39bf449dbc22ac8d02c59f8b,10.1021/Ic3015207,['10.1021/Ic3015207'],[298],[]
[Co(2)(pyridine)2(H2O)],NIST-MATDB-002415bcd538b26626f2f03e5443f598,10.1039/B927499e,['10.1039/B927499e'],[298],[]
Sc2(O2CC6H4CO2)3,NIST-MATDB-037ff1609709c4b70a21b7d9134c22bc,10.1021/La803788u,['10.1021/La803788u'],[304],[]
Co14-MOF-74,NIST-MATDB-03a2cf256d5249e805e75781cdf72a57,10.1016/j.ijhydene.2011.05.187,['10.1016/j.ijhydene.2011.05.187'],[273],[]
opt-UiO-66(Zr)-(OH)2,NIST-MATDB-04952328cf3644b315eaf3f178d01e30,10.1002/aic.15837,['10.1002/aic.15837'],[298],[]
NOTT-102a,NIST-MATDB-057c4e880a99e188b6631fbf7739748b,10.1039/C3ee41166d,['10.1039/C3ee41166d'],[300],[]
MIL-53-TDC,NIST-MATDB-0660171cf8b850580851526a5bb7e0a0,10.1007/s10450-020-00282-9,['10.1007/s10450-020-00282-9'],[298],[]
CGUC-0.5-6,NIST-MATDB-06d1ff3ad689defe72c7ca7d38f20302,10.1016/j.cej.2019.121931,['10.1016/j.cej.2019.121931'],[298],[]
MOF-1C',NIST-MATDB-07af26bd81573554d0dfd228787e3e50,10.1016/j.micromeso.2010.10.048,['10.1016/j.micromeso.2010.10.048'],[298],[]
Zn(Im)1.25(5-ClbIM)0.75,NIST-MATDB-09de4ab275dd446651a68a5312b87ab0,10.1016/j.micromeso.2011.12.009,['10.1016/j.micromeso.2011.12.009'],[303],[]
JUC-569,NIST-MATDB-0ae1d3f7faba9b2cff1a6a3c75969fc7,10.1021/jacs.0c12499,['10.1021/jacs.0c12499'],"[273, 298]",[]
MOF-235,NIST-MATDB-0f20a425dee706181efa4f16ee04d4dd,10.1016/j.jiec.2012.01.014,['10.1016/j.jiec.2012.01.014'],[298],[]
JUC-568,NIST-MATDB-0f2d4c21372cb95de54da9394e8c7523,10.1021/jacs.0c12499,['10.1021/jacs.0c12499'],"[273, 298]",[]
UiO-66-NO2-(OH)2,NIST-MATDB-0fb9cd90a3c285e3e9bd8d5ec4aa1e84,10.1021/acs.iecr.5b04061,['10.1021/acs.iecr.5b04061'],"[273, 298]",[]
Pd(2-pymo)2,NIST-MATDB-1160f796e3757da168da2a16cf578ce9,10.1007/s10934-015-0060-4,['10.1007/s10934-015-0060-4'],[298],[]
NJU-Bai12,NIST-MATDB-12b0f5d8ac54f1f4864b9e37d09149b5,10.1021/Ic301598n,['10.1021/Ic301598n'],"[273, 298]",[]
MOF-200,NIST-MATDB-139fa76b34e8599641ff3814365cf4b4,10.1016/j.fluid.2014.08.020,['10.1016/j.fluid.2014.08.020'],[298],[]
NUS-2,NIST-MATDB-17360bf8f80d66dd50125f96d013a07e,10.1021/acs.chemmater.5b02902,['10.1021/acs.chemmater.5b02902'],"[273, 298]",[]
"MIL-100(Cr), activated at 150C",NIST-MATDB-1828349e1f83f7d61cc57a976e0cbd28,10.1021/acs.jced.9b00770,['10.1021/acs.jced.9b00770'],[298],[]
UiO-66(Zr)-(COOH)2 (473K),NIST-MATDB-184cb6ae0f79e0eb5a697b2cb877b943,10.1039/c4ta03992k,['10.1039/c4ta03992k'],[303],[]
tbo-MOF-2,NIST-MATDB-19f0b99c8dbe789defa47a66736fe641,10.1039/C4ra12432d,['10.1039/C4ra12432d'],[298],[]
NU-125-F1,NIST-MATDB-1b640cdaf885a25b91b8daa3c3416e79,10.1021/Ic500722n,['10.1021/Ic500722n'],[298],[]
ZnBuBPDC,NIST-MATDB-1ce14eb3e9cae7c5664342ced717c6d0,10.1016/j.micromeso.2014.03.022,['10.1016/j.micromeso.2014.03.022'],"[273, 293, 313]",[]
Co21-MOF-5,NIST-MATDB-1d7283de5a7f43b960a5dd98d52ee542,10.1016/j.ijhydene.2011.05.187,['10.1016/j.ijhydene.2011.05.187'],[273],[]
Fe2(dobdc),NIST-MATDB-1e93bd0672ca0c9d104d64b9ac6b00a2,10.1016/j.jssc.2014.03.005,['10.1016/j.jssc.2014.03.005'],[298],[]
Ni-PTC,NIST-MATDB-208b146cc6b69203bfb3949d6fa87837,10.1021/Cm301726k,['10.1021/Cm301726k'],[273],[]
CAU-10-5-CH3,NIST-MATDB-22ea25f5cb6fefcb6c24f3af0c435847,10.1007/s10450-020-00282-9,['10.1007/s10450-020-00282-9'],[298],[]
IFP-1,NIST-MATDB-250f71e77e94593e6e5b0ff516bf35fc,10.1039/c2jm15811f,['10.1039/c2jm15811f'],[273],[]
Zn4O (rho=300kg/m^3),NIST-MATDB-25d294b7f85566e0a4522bc95245bbf8,10.1007/s10450-014-9620-1,['10.1007/s10450-014-9620-1'],[298],[]
Hydrophilic pore-blocked (CU)3(BTC)2,NIST-MATDB-25d51f518d59608c959d659b6f8e9748,10.1039/c4ra12967a,['10.1039/c4ra12967a'],[298],[]
ZIF-90,NIST-MATDB-2763522c83e36ba039e14eb02f327879,10.1016/j.seppur.2019.115850,"['10.1016/j.seppur.2019.115850', '10.1021/jp304631m']","[298, 303, 323]",[]
MOF-1M'-Li,NIST-MATDB-2af8e8ffa63fe22e424cc773bf4c5ba4,10.1016/j.micromeso.2010.10.048,['10.1016/j.micromeso.2010.10.048'],[298],[]
SDU-7,NIST-MATDB-2be8da142933090d1f2b6bc5e697086f,10.1021/Ic3015207,['10.1021/Ic3015207'],[298],[]
IRMOF-1,NIST-MATDB-2c9380bddc59f547484ff729eab7d7cb,10.1002/anie.200502553,"['10.1002/anie.200502553', '10.1007/s10934-015-0060-4', '10.1016/S2095-4956(14)60171-6', '10.1016/j.fluid.2014.08.020', '10.1016/j.ijhydene.2011.05.187', '10.1016/j.seppur.2018.01.013', '10.1021/Jp074889i', '10.1021/La100423a', '10.1021/am506793b', '10.1021/jp809539w', '10.1038/srep12045']","[273, 297, 298, 300]",['MOF-5']
Ni-MOF-74 (2),NIST-MATDB-2d9160505b3f649ff3c6a4c594f5fec1,10.1016/j.micromeso.2013.06.023,['10.1016/j.micromeso.2013.06.023'],[298],[]
MOF-210,NIST-MATDB-30cd18fdfeb9951585bf327f31556422,10.1016/j.fluid.2014.08.020,['10.1016/j.fluid.2014.08.020'],[298],[]
Zn(Im)1.05(5-NibIM)0.95,NIST-MATDB-323d92d82fd0722bc64d74fcf633d649,10.1016/j.micromeso.2011.12.009,['10.1016/j.micromeso.2011.12.009'],[303],[]
Co100-MOF-74,NIST-MATDB-3247c3c76281c1cd22f3988b75d9d132,10.1016/j.ijhydene.2011.05.187,['10.1016/j.ijhydene.2011.05.187'],[273],[]
NOTT-100a,NIST-MATDB-3415c26502524b0f564a94e60f82369d,10.1039/C3ee41166d,['10.1039/C3ee41166d'],[300],[]
NKMOF-8-Br,NIST-MATDB-34c0cfc36c169b1b80b597bcd3df774c,10.1021/acs.jced.1c00787,['10.1021/acs.jced.1c00787'],"[273, 298, 323]",[]
MIL-100V before O2 binding,NIST-MATDB-350037ea824787dfc1e7b3ff59f2a082,10.1016/j.jcis.2015.06.036,['10.1016/j.jcis.2015.06.036'],[298],[]
WV-1050,NIST-MATDB-35609bd6d3323afd4f16231afa50faaa,10.1007/s10450-021-00330-y,['10.1007/s10450-021-00330-y'],[298],[]
Amino-MIL-53(Al),NIST-MATDB-3589fd4b77aac447a6a6c0f6f7cc67ab,10.1007/s10450-013-9564-x,['10.1007/s10450-013-9564-x'],"[303, 318]",[]
ZIF-70,NIST-MATDB-360f2ab072a135afc123f12de4ac3cae,10.1007/s10934-015-0060-4,['10.1007/s10934-015-0060-4'],[298],[]
UiO-66(Zr)-(COOH)2 (303K),NIST-MATDB-3684f463bca23b3e8fbf68c3a5d4537b,10.1039/c4ta03992k,['10.1039/c4ta03992k'],[303],[]
WV1050,NIST-MATDB-379eabf2c0360c5c1d4a172186cf72a9,10.1016/j.indcrop.2017.08.017,['10.1016/j.indcrop.2017.08.017'],[293],[]
[Cu(INA)2],NIST-MATDB-3aba04dfb7beff11d77046e5d6505bf8,10.1039/c6ra12280a,['10.1039/c6ra12280a'],[298],[]
Cu-hfipbb,NIST-MATDB-3abfbea881f358c12f2ac195f20f6720,10.1021/jp304631m,['10.1021/jp304631m'],"[303, 323]",[]
NU-111,NIST-MATDB-3af5f20d8e1a2365aba6693b255f8f68,10.1021/Ja4045289,['10.1021/Ja4045289'],[298],[]
Cu-HKUST-1,NIST-MATDB-3b3e8d3742fee1969162f75b74614acc,10.1021/acs.jpclett.5b00893,['10.1021/acs.jpclett.5b00893'],[298],[]
MIL-101V after O2 binding,NIST-MATDB-3f6300520948b20707f1c4915e564597,10.1016/j.jcis.2015.06.036,['10.1016/j.jcis.2015.06.036'],[298],[]
H1/3[(Co^II13/2(BTB)4(OH)4/3(DMA)3]-2DMA-4H2O,NIST-MATDB-3fcb6a1791c5bc4d3c3626d33b997f2e,10.1039/C2ra22118g,['10.1039/C2ra22118g'],[273],[]
Ni3(HCOO)6,NIST-MATDB-400a54c211461c9c02e23f9d230011d2,10.1016/j.cej.2017.06.141,"['10.1016/j.cej.2017.06.141', '10.1016/j.micromeso.2016.01.030']",[298],[]
Cu-DABCO,NIST-MATDB-4092ca2b1dd76e307308821db726503b,10.1016/j.micromeso.2014.09.038,['10.1016/j.micromeso.2014.09.038'],[298],['CuDABCO']
"Zr-2,6-NDC",NIST-MATDB-422f7adc5192d8c50c61d65cfb0367d1,10.1021/acs.iecr.7b03341,['10.1021/acs.iecr.7b03341'],"[273, 298]",[]
NH2-UiO-66,NIST-MATDB-433e12da7d4cf072c9349e95e3f501c7,10.1016/j.memsci.2012.04.003,['10.1016/j.memsci.2012.04.003'],[308],[]
Zr-BDC with defect,NIST-MATDB-45b1a20e632024f8e69fcf1f40a1c2ad,10.1021/acs.iecr.7b03341,['10.1021/acs.iecr.7b03341'],[298],[]
MIL-100(Cr),NIST-MATDB-48f4023d446be2a618f2ac6acc88fee2,10.1016/j.jiec.2009.09.043,"['10.1016/j.jiec.2009.09.043', '10.1016/j.micromeso.2011.12.001']","[298, 303]",['MIL-100-Cr']
PCN-14,NIST-MATDB-491f2d4553a5f70eb3e8a54f967be37f,10.1021/Ja4045289,"['10.1021/Ja4045289', '10.1039/C4ra12432d', '10.1039/c3sc52633j']",[298],[]
MOF-74,NIST-MATDB-49b1e69854030020562c1a51b5d17de8,10.1016/j.ijhydene.2011.05.187,['10.1016/j.ijhydene.2011.05.187'],[273],[]
UTSA-20,NIST-MATDB-4b39f28ff94afb76df10889ef395b85c,10.1021/Ja4045289,"['10.1021/Ja4045289', '10.1039/C4ra12432d']",[298],[]
UiO-66(Zr)-(COOH)2 (348K),NIST-MATDB-4c152ffd93a16296c5c57d29cb322126,10.1039/c4ta03992k,['10.1039/c4ta03992k'],[303],[]
NH2-MOF-199,NIST-MATDB-4ed01a28c759ef54e7f1004e9987a6ee,10.1016/j.memsci.2012.04.003,['10.1016/j.memsci.2012.04.003'],[308],[]
SDU-6,NIST-MATDB-4f85440d6d4094ed428b9f705dc7dd2f,10.1021/Ic3015207,['10.1021/Ic3015207'],[298],[]
IFP-5,NIST-MATDB-51571f13dd02e8fb7a4c8c6604fa351a,10.1039/c2jm15811f,['10.1039/c2jm15811f'],[273],[]
IFP-7,NIST-MATDB-56514a6199a2ce53fc3b4acafef4d3c0,10.1039/C3cc42156b,['10.1039/C3cc42156b'],[273],[]
Mg2O(2AEP)*4H2O,NIST-MATDB-568cc5bbc3031ee962fc2770a3b61eb3,10.1039/c5ra24657a,['10.1039/c5ra24657a'],[298],[]
Ni2(dobdc),NIST-MATDB-56a7e860822819db08b3fd9fc437f425,10.1039/c3sc52633j,['10.1039/c3sc52633j'],[298],[]
Basolite A100,NIST-MATDB-570bebaec3ca0785213d1e435e589c99,10.1016/j.micromeso.2011.10.020,['10.1016/j.micromeso.2011.10.020'],[303],[]
Cu-BTC tablet,NIST-MATDB-58b38f910b90dfbda3a234cf7791014f,10.1002/ceat.201300046,['10.1002/ceat.201300046'],[308],[]
Zr-BDC,NIST-MATDB-58f9cf6e0c11b86a1880fe23f2bb4bc7,10.1021/acs.iecr.7b03341,['10.1021/acs.iecr.7b03341'],"[273, 298]",[]
Zr-BPDC,NIST-MATDB-5a490878dfea56eff9a2015d234842f9,10.1021/acs.iecr.7b03341,['10.1021/acs.iecr.7b03341'],"[273, 298]",[]
ZIF-93,NIST-MATDB-5a53918a0d77cc8dc4fdaed222acfb5f,10.1016/j.seppur.2019.115850,['10.1016/j.seppur.2019.115850'],[298],[]
NUS-3,NIST-MATDB-5a9791d77fd8b73b8a73bb58f1348c31,10.1021/acs.chemmater.5b02902,['10.1021/acs.chemmater.5b02902'],"[273, 298]",[]
IRMOF-8-INT,NIST-MATDB-5a9adbf7ca9f80422e5ac35364502e27,10.1021/am506793b,['10.1021/am506793b'],[298],[]
UiO-66,NIST-MATDB-5ab0dbe0639729711750ef4b97715f0f,10.1016/j.jcis.2011.09.060,"['10.1016/j.jcis.2011.09.060', '10.1016/j.memsci.2012.04.003', '10.1021/acs.iecr.5b03517', '10.1504/ijnt.2015.067898']","[273, 293, 298, 308]",[]
[Co4(OH)2(2)3DMF2],NIST-MATDB-60668389e359ed8efc2c4e30467d0950,10.1039/B927499e,['10.1039/B927499e'],[298],[]
Co-DABCO,NIST-MATDB-620c2bb19ef3139e5ab5739c92127cf0,10.1016/j.micromeso.2014.09.038,['10.1016/j.micromeso.2014.09.038'],[298],[]
MIL-125(Ti),NIST-MATDB-62cac39e7df6723d237dfb0c4bd20985,10.1021/acs.energyfuels.5b00975,['10.1021/acs.energyfuels.5b00975'],"[303, 323]",[]
Zr-fum MOF (393 k),NIST-MATDB-646305b7be8c332d8656167133c58d58,10.1016/j.micromeso.2014.10.034,['10.1016/j.micromeso.2014.10.034'],[298],[]
Zn(Im)1.2(5-BrbIM)0.8,NIST-MATDB-6661b8f3527d89bac378848586050a49,10.1016/j.micromeso.2011.12.009,['10.1016/j.micromeso.2011.12.009'],[303],[]
Zr-BDC-Br,NIST-MATDB-66cd0e9c77a58e11c319979dee06bd0a,10.1021/acs.iecr.7b03341,['10.1021/acs.iecr.7b03341'],[298],[]
CAU-10-5-H,NIST-MATDB-67e2ad32f677721394e429738bb3d590,10.1007/s10450-020-00282-9,['10.1007/s10450-020-00282-9'],[298],[]
NU-125-F2,NIST-MATDB-68390f4a9ea74563f10a775377cf5166,10.1021/Ic500722n,['10.1021/Ic500722n'],[298],[]
Zr-FUM,NIST-MATDB-6963ee165f0c2f07cf592fa435a72c4b,10.1021/acs.iecr.7b03341,['10.1021/acs.iecr.7b03341'],"[273, 298]",[]
UiO-66-NH4,NIST-MATDB-6c3a3709f2c13af094e4b07bb0b36329,10.1016/j.jcis.2011.09.060,['10.1016/j.jcis.2011.09.060'],[273],[]
UiO-66(Zr)-(COOH)2 (373K),NIST-MATDB-6d2d1db79760dfda59f0e185d0c785fb,10.1039/c4ta03992k,['10.1039/c4ta03992k'],[303],[]
HKUST-1-F1,NIST-MATDB-6db7a0ef27b88e420f85cb2718d004c2,10.1021/Ic500722n,['10.1021/Ic500722n'],[298],[]
ZnAcBPDC,NIST-MATDB-6e0014114e24ab8e83b8782e3c9ed523,10.1016/j.micromeso.2014.03.022,['10.1016/j.micromeso.2014.03.022'],"[273, 293, 313]",[]
tbo-MOF-3,NIST-MATDB-6f2de59bc9a4aafa57769c230fce91ab,10.1039/C4ra12432d,['10.1039/C4ra12432d'],[298],[]
CID-6,NIST-MATDB-6f8faf90a064fc80f3d14ecbf2b2827d,10.1039/C1sc00591j,['10.1039/C1sc00591j'],[273],[]
UTSA-10a,NIST-MATDB-71334e26f762777895a284849f14ca16,10.1063/1.4897351,['10.1063/1.4897351'],"[273, 296]",[]
Zn-MOF-74,NIST-MATDB-71d6fc9e1d75f65e8a04544608290958,10.1007/s10934-015-0060-4,['10.1007/s10934-015-0060-4'],[298],"['CPO-27-Zn', 'MOF-74-Zn', 'ZnMOF-74']"
[Cu(dhbc)2(bpy)]H2O],NIST-MATDB-7208d91e4112275967c2b765718ce7ed,10.1016/j.micromeso.2012.01.008,['10.1016/j.micromeso.2012.01.008'],"[273, 298]",[]
UiO-66-(OH)2-NO2,NIST-MATDB-721e3d3b75333a1264f6f76660fa126d,10.1021/acs.iecr.5b04061,['10.1021/acs.iecr.5b04061'],"[273, 298]",[]
Zr-BDC-NH2,NIST-MATDB-7260126cb90f3346413c0b89538b70a9,10.1021/acs.iecr.7b03341,['10.1021/acs.iecr.7b03341'],[298],[]
Zn4O,NIST-MATDB-73875395ea6add86b0f24072ddc472e5,10.1007/s10450-014-9620-1,['10.1007/s10450-014-9620-1'],[298],[]
IFP-6,NIST-MATDB-757e083bd4519b0600923bdfe2a89432,10.1039/c2jm15811f,['10.1039/c2jm15811f'],[273],[]
MOF-74-Ni,NIST-MATDB-775250b0154475da1a9521dd991a76d6,10.1007/s10934-010-9378-0,"['10.1007/s10934-010-9378-0', '10.1007/s10934-015-0060-4', '10.1016/j.ces.2014.07.008', '10.1016/j.ces.2014.12.001', '10.1021/Ja4045289', '10.1039/C4ra12432d', '10.1039/c6ra12280a']","[298, 303, 323]","['CPO-27(Ni)', 'CPO-27-Ni', 'MOF-74Ni', 'Ni-CPO-27', 'Ni-MOF-74', 'NiMOF-74']"
Ni-MOF-74 (1),NIST-MATDB-78e8e8044f33dfb63d742cd181396dfc,10.1016/j.micromeso.2013.06.023,['10.1016/j.micromeso.2013.06.023'],[298],[]
MOF-2',NIST-MATDB-7a6c5ef61582a13f273203d99661f16f,10.1016/j.micromeso.2010.10.048,['10.1016/j.micromeso.2010.10.048'],[298],[]
PCN-16,NIST-MATDB-7bf7c552e533131e05103e2410893349,10.1021/acs.jpcc.6b10751,['10.1021/acs.jpcc.6b10751'],"[273, 296]",[]
MIL-53(Cr),NIST-MATDB-7cb7f2ebc677a987561f61f34f01f965,10.1021/Ja803899q,"['10.1021/Ja803899q', '10.1021/Ja8039579', '10.1021/Ja902740r', '10.1155/2015/439382']","[294, 303]","['Cr-MIL-53', 'MIL-53 (Cr)', 'MIL-53-Cr']"
MOF-1C'-Li,NIST-MATDB-7cbc8489b9167ea2715313a978d69d2d,10.1016/j.micromeso.2010.10.048,['10.1016/j.micromeso.2010.10.048'],[298],[]
CAU-1,NIST-MATDB-7d1571382dd79cf21cfb21568cdc0ccf,10.1016/j.ijhydene.2013.02.074,"['10.1016/j.ijhydene.2013.02.074', '10.1039/c1ee01380g']","[273, 298]",[]
"Zr-1,4-NDC",NIST-MATDB-7eef819948ffc8ded38c96f106a41f1f,10.1021/acs.iecr.7b03341,['10.1021/acs.iecr.7b03341'],"[273, 298]",[]
Co21-IRMOF-1,NIST-MATDB-8147d90c17de4f9d0e013c7cb9739025,10.1021/La100423a,['10.1021/La100423a'],[273],[]
"Cu(1,3-BDC)(H2O)",NIST-MATDB-83889f5abb4062381c9056f5eab9c54f,10.1039/C3ce40838h,['10.1039/C3ce40838h'],[298],[]
In-soc-MOF-1b,NIST-MATDB-8836be373d278eba9a6a488f3d991828,10.1021/acs.jced.1c00951,['10.1021/acs.jced.1c00951'],[298],[]
MOF-74-Co,NIST-MATDB-8b2f5bfff597fd6ac1507365a3732a97,10.1007/s10934-015-0060-4,"['10.1007/s10934-015-0060-4', '10.1039/c3sc52633j']",[298],"['Co-MOF-74', 'CPO-27-Co']"
DATPIM,NIST-MATDB-8b5bb23b7f541f7e0b45123d40a1f92e,10.1002/adma.201605826,['10.1002/adma.201605826'],[298],[]
Amine-MIL-101(Cr),NIST-MATDB-8b8ec78ea74003b46e02c61002f73655,10.1039/C3cc43352h,['10.1039/C3cc43352h'],[298],[]
UMCM-150,NIST-MATDB-8b8f5dc21e8758d0adfbc6da4cee39a6,10.1007/s10934-015-0060-4,"['10.1007/s10934-015-0060-4', '10.1021/acs.jpcc.6b10751']","[273, 296, 298]",[]
MIL-91(Al),NIST-MATDB-8c456021f0e540bcf8cae5ddd4d01a96,10.1021/jp512596u,['10.1021/jp512596u'],[303],[]
ZIF-7,NIST-MATDB-8cae84fb784881ac1d577dea3d006c4e,10.1007/s10934-015-0060-4,"['10.1007/s10934-015-0060-4', '10.1016/j.micromeso.2014.02.016', '10.1021/Ja1089765']","[273, 298, 323]",[]
[Ni3(HCOO)6],NIST-MATDB-8d001637b25d2536ffa705593742ec73,10.1039/c6ra12280a,['10.1039/c6ra12280a'],[298],[]
UTSA-50a,NIST-MATDB-8d3db4b0d98c04559d08b18dabab1a76,10.1039/C2ta00155a,['10.1039/C2ta00155a'],"[273, 296]",[]
ZIF-2,NIST-MATDB-907b7388fd2992b2f049c1ef1d5f832d,10.1007/s10934-015-0060-4,['10.1007/s10934-015-0060-4'],[298],[]
CID-5/6,NIST-MATDB-908f4b2f9675c1eb4abe63b937c38c2f,10.1039/C1sc00591j,['10.1039/C1sc00591j'],[273],[]
MIL-53(Fe),NIST-MATDB-951db94d5701c144378afbaface18b87,10.1021/Ja902740r,['10.1021/Ja902740r'],[303],[]
IRMOF-3,NIST-MATDB-96713fc6845e0ffe5a35364c2d59e6dc,10.1007/s10934-015-0060-4,['10.1007/s10934-015-0060-4'],[298],[]
Ga-soc-MOF-1a,NIST-MATDB-97507146939c69feec4767afe89b0d99,10.1021/acs.jced.1c00951,['10.1021/acs.jced.1c00951'],[298],[]
MIL-100,NIST-MATDB-979e667be7fe222f20d8bad36617dc66,10.1007/s10450-016-9825-6,['10.1007/s10450-016-9825-6'],[303],[]
Co3(HCOO)6,NIST-MATDB-98261e1cacd11dbc66fdc2910f2226ce,10.1002/chem.201101733,"['10.1002/chem.201101733', '10.1016/j.micromeso.2016.01.030']","[273, 298]",[]
CuBTC,NIST-MATDB-991daf7313251e7e607e2bab2da57e33,10.1002/adma.201403827,"['10.1002/adma.201403827', '10.1002/ceat.201300046', '10.1007/s10450-013-9527-2', '10.1007/s10450-015-9684-6', '10.1007/s10934-015-0060-4', '10.1016/S2095-4956(14)60171-6', '10.1016/j.apenergy.2015.03.123', '10.1016/j.colsurfa.2014.09.017', '10.1016/j.egypro.2009.01.166', '10.1016/j.energy.2014.08.033', '10.1016/j.jmr.2014.01.002', '10.1016/j.memsci.2012.04.003', '10.1016/j.seppur.2015.03.041', '10.1021/Ef800938e', '10.1021/Ic500722n', '10.1021/Ie902008g', '10.1021/Ja4045289', '10.1021/acs.iecr.7b03008', '10.1021/ie902008g', '10.1021/la800803w', '10.1039/C4ra12432d', '10.1039/c3sc52633j']","[295, 298, 299, 303, 308, 323]","['Basolite C300', 'C300', 'Cu-BTC', 'Cu3(BTC)2', 'HKUST-1', 'MOF-199']"
NOTT-103a,NIST-MATDB-9cb9c70df78a0b0e779d84f4a54414c6,10.1039/C3ee41166d,['10.1039/C3ee41166d'],[300],[]
IFP-2,NIST-MATDB-9cf0eed0d37bb03d1c01fb61e843146d,10.1039/c2jm15811f,['10.1039/c2jm15811f'],[273],[]
IRMOF-8,NIST-MATDB-9d023a670a2aedb5225d9cd365e24210,10.1016/j.micromeso.2013.04.023,"['10.1016/j.micromeso.2013.04.023', '10.1021/am506793b']","[273, 298]",['IRMOF-8-NOINT']
ZIF-68,NIST-MATDB-9e5edba55f0f609476161019d58113ed,10.1007/s10934-015-0060-4,['10.1007/s10934-015-0060-4'],[298],[]
CuBDC bulk,NIST-MATDB-9e86be03a0b15343b0fc2d4b9c31e6d9,10.1038/nmat4113,['10.1038/nmat4113'],[273],[]
CAU-10-4-OH,NIST-MATDB-9eacc124ea3c855a6b29856911a4025d,10.1007/s10450-020-00282-9,['10.1007/s10450-020-00282-9'],[298],[]
MIL-53,NIST-MATDB-9f02824618e94d86caedc9fb497366ba,10.1021/Ja900555r,['10.1021/Ja900555r'],[303],[]
"Cu(1,3-BDC)(PY)2",NIST-MATDB-9f81b32673ab9cff65bc2c756197369f,10.1039/C3ce40838h,['10.1039/C3ce40838h'],[298],[]
NOTT-109a,NIST-MATDB-9fe613d8a0a7fd070a80c29483352ff5,10.1039/C3ee41166d,['10.1039/C3ee41166d'],[300],[]
{[Cu4(dpdo)12][H(H2O)27(CH3CN)12][PW12O40]3}n,NIST-MATDB-a2c836dbf063e02dd55ffb87b1bc1557,10.1016/j.inoche.2014.09.020,['10.1016/j.inoche.2014.09.020'],[273],[]
IRMOF-14,NIST-MATDB-a378219a763aefdf46b08bb3faff567f,10.1007/s10934-015-0060-4,['10.1007/s10934-015-0060-4'],[298],[]
MIL-101FF(Cr),NIST-MATDB-a3d496b1fcbad08a4f1e732946d302cb,10.1021/acs.jpcc.5b02861,['10.1021/acs.jpcc.5b02861'],[297],[]
MOF-508,NIST-MATDB-a4b3fc60364cef8a9eb12e7bbc908a8b,10.1021/Jp077618g,['10.1021/Jp077618g'],"[303, 323]",[]
Zr-BDC-NO2,NIST-MATDB-a5336c251c5fe46b747733c4c3e2d501,10.1021/acs.iecr.7b03341,['10.1021/acs.iecr.7b03341'],[298],[]
Mg3(HCOO)6,NIST-MATDB-a6db3698939de3d5652214e0e21c266b,10.1016/j.micromeso.2016.01.030,['10.1016/j.micromeso.2016.01.030'],[298],[]
COMOC-2,NIST-MATDB-a6f101f386dee100047fcaf572ce237c,10.1021/acs.langmuir.5b00655,['10.1021/acs.langmuir.5b00655'],[303],[]
UTSA-16,NIST-MATDB-ab995b569e3eef266e371252ec189e8b,10.1016/j.ces.2014.08.039,['10.1016/j.ces.2014.08.039'],"[298, 313]",[]
IRMOF-8-NO2,NIST-MATDB-ac3cdaec8e45fd06779a77980de301cb,10.1016/j.micromeso.2013.04.023,['10.1016/j.micromeso.2013.04.023'],"[273, 298]",[]
MOF-505,NIST-MATDB-acbbe796d49416e999dc819f2ae65fe9,10.1021/acs.jpcc.6b10751,"['10.1021/acs.jpcc.6b10751', '10.3969/j.issn.1001-4861.2013.00.200']","[273, 295]",[]
CUK-1,NIST-MATDB-adac5c7a8c6d4ec0e904766ae85d617d,10.1002/adma.200601983,['10.1002/adma.200601983'],[298],[]
Co8-IRMOF-1,NIST-MATDB-aecf0542bc62d6c0f4551f33aed5f06e,10.1021/La100423a,['10.1021/La100423a'],[273],[]
ELM-11,NIST-MATDB-af8457b5d2d66c70cbef8276ab19ed04,10.1016/j.jcis.2009.03.020,['10.1016/j.jcis.2009.03.020'],[303],[]
MIL-100V after O2 binding,NIST-MATDB-afca7fc712371e54ea81d7c80d04935c,10.1016/j.jcis.2015.06.036,['10.1016/j.jcis.2015.06.036'],[298],[]
CAU-10-5-NO2,NIST-MATDB-b2875005784fc778ae4c9fb9f4f01a8e,10.1007/s10450-020-00282-9,['10.1007/s10450-020-00282-9'],[298],[]
ZIF-8,NIST-MATDB-b2dc02871a66ac38e4b195796cf3e00b,10.1007/s10934-015-0060-4,"['10.1007/s10934-015-0060-4', '10.1016/j.memsci.2011.09.040', '10.1016/j.micromeso.2015.05.008', '10.1016/j.seppur.2019.115850', '10.1021/Jp074889i', '10.1021/acs.jced.1c00900', '10.1039/C2jm31541f']","[298, 300, 313]","['Basolite Z1200', 'MAF-4']"
ZIF-100,NIST-MATDB-b2f286918e50470b61010736dea3b873,10.1039/c4ta06763k,['10.1039/c4ta06763k'],[298],[]
MIL-88A,NIST-MATDB-b4e3deb814ce75802e634bdf5fe06439,10.1016/j.apenergy.2015.03.123,['10.1016/j.apenergy.2015.03.123'],[298],[]
MIL-47,NIST-MATDB-b848f05ba9fb26cdd50755863b377c56,10.1007/s10934-015-0060-4,['10.1007/s10934-015-0060-4'],[298],[]
UiO-66(Zr)-(COOH)2 (423K),NIST-MATDB-b8633e438eb4b3b1963008b5ffb3e34e,10.1039/c4ta03992k,['10.1039/c4ta03992k'],[303],[]
NU-125,NIST-MATDB-b970cc46b139824b51520d18a9b63146,10.1021/Ic500722n,"['10.1021/Ic500722n', '10.1021/Ja4045289']",[298],[]
UMCM-1,NIST-MATDB-b9bffc1a1dbe706adfe44577120a9311,10.1007/s10934-015-0060-4,['10.1007/s10934-015-0060-4'],[298],[]
Fe-soc-MOF-1a,NIST-MATDB-ba12e2619569e7b1de411872cc8479f8,10.1021/acs.jced.1c00951,['10.1021/acs.jced.1c00951'],[298],[]
pmg-MOF-5,NIST-MATDB-ba2d93a0187e6a0517be60f2a6733755,10.1038/srep12045,['10.1038/srep12045'],[298],[]
Co(Im)1.3(5-ClbIM)0.7,NIST-MATDB-ba50f198f1961235942fa6c4d21f339b,10.1016/j.micromeso.2011.12.009,['10.1016/j.micromeso.2011.12.009'],[303],[]
ZIF-71,NIST-MATDB-ba925980550f907f14b9e2aa08b07d60,10.1007/s10934-015-0060-4,['10.1007/s10934-015-0060-4'],[298],[]
CD-MOF-2,NIST-MATDB-bbcac700aa70a474a0e175f62e1368a4,10.1021/ja206525x,['10.1021/ja206525x'],[298],[]
MOF-177,NIST-MATDB-bbd809480ca8c8d0e4d066e70a9719d1,10.1007/s10934-015-0060-4,"['10.1007/s10934-015-0060-4', '10.1016/j.apenergy.2015.03.123', '10.1016/j.fluid.2014.08.020']",[298],[]
JUC-132,NIST-MATDB-bc67bb25855d7be2699e74c6aba03a65,10.1039/c5cc01281c,['10.1039/c5cc01281c'],"[273, 298]",[]
Cr-MIL-101_amide,NIST-MATDB-bdc9708274ac7c1acf5a4f4499e98a7c,10.1039/C2dt30672g,['10.1039/C2dt30672g'],[298],[]
In-soc-MOF-1c,NIST-MATDB-bdd297b53d560d778fe632840347ae70,10.1021/acs.jced.1c00951,['10.1021/acs.jced.1c00951'],[298],[]
Tb-pek-MOF-1,NIST-MATDB-be9f51ea48c4eeb348d95a383edddd8a,10.1021/jacs.5b00450,['10.1021/jacs.5b00450'],[298],[]
Fe-soc-MOF-1b,NIST-MATDB-bec23a40457923a212907f42684c0e5c,10.1021/acs.jced.1c00951,['10.1021/acs.jced.1c00951'],[298],[]
[Cu2(BME-bdc)2(dabco)]n,NIST-MATDB-c238016c7b183d0c206f80eb06bbf713,10.1016/j.micromeso.2011.09.006,['10.1016/j.micromeso.2011.09.006'],[298],[]
JUC-506,NIST-MATDB-c2b5d87b4072e605416be9f1f4ba0712,10.1038/s41557-019-0238-5,['10.1038/s41557-019-0238-5'],"[273, 298]",[]
Cr-MIL-101_urea,NIST-MATDB-c3f3d05e5310061ba8ce613c25689e85,10.1039/C2dt30672g,['10.1039/C2dt30672g'],[298],[]
MOF-2'-Li,NIST-MATDB-c66fcb7fe4e6e8bddff9867285addb18,10.1016/j.micromeso.2010.10.048,['10.1016/j.micromeso.2010.10.048'],[298],[]
PKU-17,NIST-MATDB-c7cd24c3054ed101925efb252b6d2449,10.1002/ange.201501718,"['10.1002/ange.201501718', '10.1002/anie.201501718']",[273],[]
MIL-100(V),NIST-MATDB-cb327448137b4899eea8cf7f5217ca95,10.1016/j.micromeso.2011.12.001,['10.1016/j.micromeso.2011.12.001'],[303],[]
Cu(hfipbb)(H2hfipbb)0.5,NIST-MATDB-cbf640c765cd8e230699065a4c386824,10.1016/j.jcis.2011.01.103,['10.1016/j.jcis.2011.01.103'],"[278, 298, 318]","['Cu-(hfipbb)(H2hfipbb)0.5', '[Cu(hfipbb)(H2hfipbb)0.5]']"
CAU-10-5-NH2,NIST-MATDB-cc5b80f1c6fd70e5b77c5403f8a1f07f,10.1007/s10450-020-00282-9,['10.1007/s10450-020-00282-9'],[298],[]
SIM-1 (ZIF-94),NIST-MATDB-cc9e82fdee5a3de2dc0d8ea40a1ecc5f,10.1016/j.seppur.2019.115850,['10.1016/j.seppur.2019.115850'],[298],[]
Al-BDC,NIST-MATDB-cce03d7a2de79334704ac30e9b3ab673,10.1039/c6ra12280a,['10.1039/c6ra12280a'],[298],[]
Al-soc-MOF-1d,NIST-MATDB-cd7853a0fd2fae367334f38213532022,10.1021/acs.jced.1c00951,['10.1021/acs.jced.1c00951'],[298],[]
"CAU-10-2,4-pydc",NIST-MATDB-d67ff0a735e121bfdc20c0b492b7a5fb,10.1007/s10450-020-00282-9,['10.1007/s10450-020-00282-9'],[298],[]
ZIF-11,NIST-MATDB-d80120861cca89709057aa848f34313f,10.1007/s10934-015-0060-4,['10.1007/s10934-015-0060-4'],[298],[]
RT-Cu(Qc)2,NIST-MATDB-d8f1103edf78b0c56186218e46e31a36,10.1016/j.ces.2019.115355,['10.1016/j.ces.2019.115355'],[288],[]
MOF Cu-ABTA,NIST-MATDB-daa0895548ee0dd3a0a346a5f904ed47,10.1039/C4ra07101h,['10.1039/C4ra07101h'],[273],[]
(me2NH2)6[In10(TTCA)12]*24DMF*15H2O,NIST-MATDB-dc1f4b7ddd96245d3704815ee72b638d,10.1021/Ic501413r,['10.1021/Ic501413r'],[273],[]
CID-5,NIST-MATDB-dc3f78ea49ad3e988404f674791bcd0d,10.1039/C1sc00591j,['10.1039/C1sc00591j'],[273],[]
Cu-TDPAT,NIST-MATDB-dd648c6388274576eaa6f506d849b3f9,10.1007/s10934-015-0060-4,"['10.1007/s10934-015-0060-4', '10.1021/jp3046356']",[298],[]
MOF-14,NIST-MATDB-ddd6f2d174f6d5cc75ee1fda94840dd8,10.1016/j.jcis.2012.10.018,['10.1016/j.jcis.2012.10.018'],[298],[]
Mg-MOF-74 (4),NIST-MATDB-df5a7d1b98bf856906a188166face5b4,10.1016/j.micromeso.2013.06.023,['10.1016/j.micromeso.2013.06.023'],[298],[]
Zn-DABCO,NIST-MATDB-df647d61b00b35b8b88ae26030802346,10.1016/j.seppur.2011.09.041,['10.1016/j.seppur.2011.09.041'],"[294, 314]",['ZnDABCO']
MIL-101V before O2 binding,NIST-MATDB-df8774d6a41e1e2697ca8658a38ec816,10.1016/j.jcis.2015.06.036,['10.1016/j.jcis.2015.06.036'],[298],[]
"CAU-10-3,5-pydc",NIST-MATDB-dffe4c582f49e95ef1c52fcdb8af6841,10.1007/s10450-020-00282-9,['10.1007/s10450-020-00282-9'],[298],[]
Mn3(HCOO)6,NIST-MATDB-e07104b84cb3ba71f1d5508f4674e6b3,10.1016/j.micromeso.2016.01.030,['10.1016/j.micromeso.2016.01.030'],[298],[]
PCN-26,NIST-MATDB-e1f63ee5fa8513c0b29865329f746fb4,10.1007/s10934-015-0060-4,"['10.1007/s10934-015-0060-4', '10.1021/ie403159c']",[298],[]
Cr-MIL(101),NIST-MATDB-e23e0f3921a269533d74caae8c5a12bf,10.1016/j.cej.2012.04.071,"['10.1016/j.cej.2012.04.071', '10.1016/j.cej.2015.02.088', '10.1021/acs.jpcc.5b02861', '10.1039/C2ra20641b']","[273, 288, 289, 297, 298, 300, 303, 313]","['Cr-MIL-101', 'MI-101(Cr)', 'MIL-101 (Cr)', 'MIL-101(Cr)', 'MIL-101Cr']"
"MIL-100(Cr), activated at 250C",NIST-MATDB-e2edb5c894eb1f9c108ec4fd518592aa,10.1021/acs.jced.9b00770,['10.1021/acs.jced.9b00770'],[298],[]
IFP-3,NIST-MATDB-e2fe5e4435ba5ba0dafc424ee5fd5a1f,10.1039/c2jm15811f,['10.1039/c2jm15811f'],[273],[]
NZIF-8,NIST-MATDB-e38b8c1f4edd0b1a02f828d5d8e588e5,10.1039/C002088e,['10.1039/C002088e'],[298],[]
UiO-66-(OH)2,NIST-MATDB-e3b55d6bd4a1052c6a1e17c012aaba1c,10.1021/acs.iecr.5b04061,['10.1021/acs.iecr.5b04061'],"[273, 298]",[]
MOF-1M',NIST-MATDB-e3d41515552e2ff3025163484768aab2,10.1016/j.micromeso.2010.10.048,['10.1016/j.micromeso.2010.10.048'],[298],[]
Zn4O(BDC)3,NIST-MATDB-e6c566b2365fa4837027d00c57215620,10.1039/c3sc52633j,['10.1039/c3sc52633j'],[298],[]
DUT-25,NIST-MATDB-e7c1a673818ca05ad7638253e9b7cbc3,10.1002/chem.201202352,['10.1002/chem.201202352'],[298],[]
MIL-100(Fe),NIST-MATDB-e8a1a82c4fe2ad952d1c107156f780f2,10.1002/chem.201502893,"['10.1002/chem.201502893', '10.1007/s10450-016-9825-6', '10.1016/j.jiec.2009.09.043', '10.1016/j.micromeso.2011.12.001']","[293, 298, 303, 313]","['Fe-MIL-100', 'MIL-100-Fe']"
In-soc-MOF-1a,NIST-MATDB-ea2d6f4052af55947c293a447bded363,10.1021/acs.jced.1c00951,['10.1021/acs.jced.1c00951'],[298],[]
MOF-508b,NIST-MATDB-eb8a03810908350733a3ad317d9a5927,10.1016/j.jclepro.2015.03.082,"['10.1016/j.jclepro.2015.03.082', '10.1016/j.seppur.2014.08.021', '10.1080/01496390802282347']","[303, 323]",[]
Cu(BF4)2(bpy)2,NIST-MATDB-ec7a61a3cdcf887e5c56f0d182f1049a,10.1016/j.micromeso.2012.01.008,['10.1016/j.micromeso.2012.01.008'],"[273, 298]",['[Cu(BF4)2(bpy)2]']
Zn(Im)1.1(5-MebIM)0.9,NIST-MATDB-ece3999f37972593c395567da10928af,10.1016/j.micromeso.2011.12.009,['10.1016/j.micromeso.2011.12.009'],[303],[]
Cu-SDU-1,NIST-MATDB-ed5049cd0f3b495ea431f5c70dd110be,10.1021/Ic5017092,['10.1021/Ic5017092'],"[273, 295]",[]
MIL-53(Cu),NIST-MATDB-ee8eb9631a6c547675c582ac13168900,10.1016/S1003-9953(11)60419-2,"['10.1016/S1003-9953(11)60419-2', '10.1016/j.jiec.2013.01.026']",[298],['MIL-53-Cu']
Fe2(O2)(dobdc),NIST-MATDB-efaf30a6406de56acc79d3b111590458,10.1016/j.jssc.2014.03.005,['10.1016/j.jssc.2014.03.005'],[298],[]
UTSA,NIST-MATDB-f168f08e72b4714243e42c649168c63b,10.1021/acs.jpcc.6b10751,['10.1021/acs.jpcc.6b10751'],"[273, 296]",[]
JUC-505,NIST-MATDB-f1902ca926ea66cb5f819b7766269096,10.1038/s41557-019-0238-5,['10.1038/s41557-019-0238-5'],"[273, 298]",[]
Mg2(dobdc),NIST-MATDB-f4b549a56c1a5caf008c436b7d0aaaea,10.1016/j.micromeso.2011.09.004,"['10.1016/j.micromeso.2011.09.004', '10.1039/c3sc52633j']","[298, 313]",['Mg2-(dobdc)']
MIL-101,NIST-MATDB-f55cae58cff61d336d8b65bece21175f,10.1016/j.jiec.2009.09.043,['10.1016/j.jiec.2009.09.043'],[298],[]
Mg-MOF-74,NIST-MATDB-f5e80ffaaaf05f4ed655664fd22defb9,10.1016/j.memsci.2011.05.001,"['10.1016/j.memsci.2011.05.001', '10.1021/Jp401923v']","[293, 298, 303, 318]","['CPO-27-Mg', 'IRMOF-74-I', 'Mg MOF-74', 'Mg-CPO-27', 'Mg-MOF-74 (Mason et al.)', 'Mg-MOF74', 'Mg/MOF-74', 'MgMOF-74', 'MOF-74-Mg']"
UiO-67,NIST-MATDB-f7dc4657c1d121aa6da15e936391c2cb,10.1016/j.memsci.2012.04.003,['10.1016/j.memsci.2012.04.003'],[308],[]
Zn(NO3)2*4H2O,NIST-MATDB-f9d1cd4311c3d5a8d7073794567d136a,10.1002/anie.200904599,['10.1002/anie.200904599'],[298],[]
UiO-66-NO2,NIST-MATDB-fa79ad13534250f0bc3baa41eda9ec6f,10.1021/acs.iecr.5b04061,['10.1021/acs.iecr.5b04061'],"[273, 298]",[]
UTSA-5A,NIST-MATDB-fa9457995735ac94de2cd562ae6d06ff,10.1039/C3ce40452h,['10.1039/C3ce40452h'],"[273, 296]",[]
MIL-160,NIST-MATDB-fa9eafbe42016145ad7734b8daead8fa,10.1007/s10450-020-00282-9,['10.1007/s10450-020-00282-9'],[298],[]
UiO-66(Zr)-(COOH)2 (323K),NIST-MATDB-fb724ebc336de9d29030c8b860c798ac,10.1039/c4ta03992k,['10.1039/c4ta03992k'],[303],[]
IFP-4,NIST-MATDB-fc8e6b6eceda03b926e9e91b738e16f4,10.1039/c2jm15811f,['10.1039/c2jm15811f'],[273],[]
CAU-10-4-NO2,NIST-MATDB-fe98c524f32d167669ea62f005509dcc,10.1007/s10450-020-00282-9,['10.1007/s10450-020-00282-9'],[298],[]
Mg-MOF-74 (3),NIST-MATDB-ffef9fe8f87486bc0a607d2de561618d,10.1016/j.micromeso.2013.06.023,['10.1016/j.micromeso.2013.06.023'],[298],[]
